﻿지역,시군구,매장명,주소,인스타그램 계정,인스타그램 URL,인스타그램 유형,동일 계정 매장 수,동일 계정 매장명,DM 메모,발송상태,매장 ID
서울,강남구,갓포라멘,서울 강남구 선릉로155길 21,@kappo_ramen,https://www.instagram.com/kappo_ramen/,프로필,1,,,미발송,15cc5586-e10d-4966-a545-1dd135292bba
서울,강남구,덴키라멘,서울 강남구 논현로30길 43,@project_denki,https://www.instagram.com/project_denki/,프로필,1,,,미발송,e6ca0f2d-c290-45aa-93bc-ded1ed333fec
서울,강남구,도쿄 멘친테이 혼포,서울 강남구 선릉로64길 11-5,@mct_kr,https://www.instagram.com/mct_kr/,프로필,1,,,미발송,5398a98d-8fa6-44fc-8061-ddea61a2ef73
서울,강남구,마이니치라멘 니보시점,서울 강남구 봉은사로63길 7 1층,@mainichi_ramen_niboshi,https://www.instagram.com/mainichi_ramen_niboshi/,프로필,1,,,미발송,af051083-af8d-4790-b3bc-a7d67c255436
서울,강남구,멘야 길조,서울 강남구 논현로76길 34 1층 102호,@menyagiljo,https://www.instagram.com/menyagiljo/,프로필,1,,,미발송,30816187-75c4-4076-a208-9399b310865f
서울,강남구,멘츠루 선릉점,서울 강남구 선릉로86길 17,@manchuru_seolleung,https://www.instagram.com/manchuru_seolleung/,프로필,1,,,미발송,c728160e-9747-478c-84a9-7912957c9ec3
서울,강남구,멘츠루 신사점,서울 강남구 강남대로162길 21,@menchuru_sinsa,https://www.instagram.com/menchuru_sinsa/,프로필,1,,,미발송,6c326587-7415-438b-be93-8b7532db602c
서울,강남구,부타노맥스,서울 강남구 학동로 338,@butanomax,https://www.instagram.com/butanomax/,프로필,1,,,미발송,c570acab-0b93-4e89-9427-e37273eeda37
서울,강남구,부탄츄 선릉점,서울 강남구 삼성로85길 33,@butanchu_seolleung,https://www.instagram.com/butanchu_seolleung/,프로필,1,,,미발송,b2ed7d04-e9e7-44b6-980f-cef143639a16
서울,강남구,산쇼쿠라멘 강남본점,서울 강남구 테헤란로4길 46,@san_sho_ku,https://www.instagram.com/san_sho_ku/,프로필,1,,,미발송,5a2e418f-0b1d-43de-85b8-23d117488a0a
서울,강남구,센자이료쿠,서울 강남구 선릉로161길 15-3,@senzairyoku,https://www.instagram.com/senzairyoku/,프로필,1,,,미발송,b43df684-e4b8-40c5-a03c-78af98099dbb
서울,강남구,시시오,서울 강남구 선릉로89길 7 지하1층,@sisio_seoul,https://www.instagram.com/sisio_seoul/,프로필,1,,,미발송,e5c0bac8-4f3e-4ab8-bd3b-a03d0ae62b7a
서울,강남구,아부라소바,서울 강남구 언주로134길 25,@aburasoba_nonhyun,https://www.instagram.com/aburasoba_nonhyun/,프로필,1,,,미발송,65d59aa1-b677-4a28-bf48-455e615c429e
서울,강남구,아부라소바 하나레,서울 강남구 논현로167길 16,@aburasoba_hanare,https://www.instagram.com/aburasoba_hanare/,프로필,1,,,미발송,01a1786a-db5d-4bac-98c4-f925f06b7202
서울,강남구,오또상라멘,서울 강남구 논현로175길 40,@ottosangramen.official,https://www.instagram.com/ottosangramen.official/,프로필,1,,,미발송,cc232c11-a40f-42cd-82ee-ade4f1bc5f16
서울,강남구,오레노이키루미치 압구정본점,서울 강남구 압구정로50길 8,@orenoikirumichi_kr,https://www.instagram.com/orenoikirumichi_kr/,프로필,1,,,미발송,33df868f-b033-4ffd-a80a-e0274e42929e
서울,강남구,왓쇼이켄,서울 강남구 테헤란로4길 46,@wasshoiken,https://www.instagram.com/wasshoiken/,프로필,1,,,미발송,bf319ecc-572f-48fe-ad78-a19576d12276
서울,강남구,유라멘 강남역삼신논현역본점,서울 강남구 봉은사로4길 32,@uramen_4u,https://www.instagram.com/uramen_4u/,프로필,1,,,미발송,4ec2adfa-d9de-495f-bb8d-b08004f30d44
서울,강남구,츠케도,서울 강남구 강남대로94길 27 1층 104호,@tsuke_do,https://www.instagram.com/tsuke_do/,프로필,1,,,미발송,aa90b543-bf5a-4438-8b30-bb9089232531
서울,강남구,코마츠,서울 강남구 학동로31길 15,@komatsu_shokudo,https://www.instagram.com/komatsu_shokudo/,프로필,1,,,미발송,69fd92c6-6a18-43fa-968e-69ab79b5bd98
서울,강남구,코지라멘,서울 강남구 선릉로86길 6-4,@ramen.cozy,https://www.instagram.com/ramen.cozy/,프로필,1,,,미발송,183f21fe-7780-41eb-8d8b-674eea2d785c
서울,강남구,태양의토마토라멘 강남점,서울 강남구 강남대로106길 7,@taitoma_korea,https://www.instagram.com/taitoma_korea/,프로필,1,,,미발송,f65df57d-05f0-47be-825f-bf835a2790f7
서울,강남구,토가라시,서울 강남구 학동로25길 14,@togarashiseoul,https://www.instagram.com/togarashiseoul/,프로필,1,,,미발송,cb0dd77d-13db-4e62-a892-bdf0e7e02567
서울,강동구,멘야세븐,서울 강동구 양재대로112길 45 1층,@menyaseven_official,https://www.instagram.com/menyaseven_official/,프로필,1,,,미발송,73bd7525-8a22-41e8-98e7-48c5b437985e
서울,강동구,멘츠루 천호점,서울 강동구 천호대로157길 34 1층,@menchuru_cheonho,https://www.instagram.com/menchuru_cheonho/,프로필,1,,,미발송,d6131a5c-bc5c-44e4-b429-1b4102bad44e
서울,강북구,고도라멘 수유본점,서울 강북구 오패산로77길 4 1층,@godot_ramen,https://www.instagram.com/godot_ramen/,프로필,1,,,미발송,7fca1bd6-fa77-40d0-9f67-396cbcf5470a
서울,강서구,계단라멘 마곡점,서울 강서구 마곡중앙6로 42 사이언스타 1층 122호,@upstairramen_magok,https://www.instagram.com/upstairramen_magok/,프로필,1,,,미발송,02d2cba8-36af-4ad6-83a2-c023397e983a
서울,강서구,니코니코 라멘,서울 강서구 가로공원로 173 1층,@niconico_ramen,https://www.instagram.com/niconico_ramen/,프로필,1,,,미발송,38ab55e5-f99b-44f0-a33c-15ec3c908fb2
서울,강서구,멘라,서울 강서구 마곡중앙6로 21 1층 128호,@menra.magok,https://www.instagram.com/menra.magok/,프로필,1,,,미발송,01812d38-1eec-47a4-a3ce-4e0c78929e56
서울,강서구,멘츠루 마곡점,서울 강서구 마곡중앙6로 63,@menchuru_magok,https://www.instagram.com/menchuru_magok/,프로필,1,,,미발송,260e9bdf-8b83-42ac-b1c0-92666044cef5
서울,강서구,산쪼메 강서점,서울 강서구 화곡로 344 경동엠파이어스테이트 1층 101호,@sanchome_gangseo,https://www.instagram.com/sanchome_gangseo/,프로필,1,,,미발송,250c8846-8c82-4c30-bfe2-f0b12c1f9a0a
서울,강서구,양천제면소,서울 강서구 양천로49길 35,@yangcheon_ramen,https://www.instagram.com/yangcheon_ramen/,프로필,1,,,미발송,09813aed-77ae-42c9-99e6-b18535f7fcfb
서울,강서구,카메야라멘 본점,서울 강서구 강서로 489-4 2층,@kameya.ramen,https://www.instagram.com/kameya.ramen/,프로필,1,,,미발송,65e8d34c-ead0-46ce-a678-c69a794631d3
서울,강서구,쿠로카메,서울 강서구 마곡동로10길 46 마곡보타닉 파크프라자 1층 114호,@kurokame.ramen,https://www.instagram.com/kurokame.ramen/,프로필,1,,,미발송,4a53ac1d-4fd8-4404-ae09-82abd7c6280b
서울,관악구,누들하우스,서울 관악구 관악로14나길 6 1층,@noodle____house,https://www.instagram.com/noodle____house/,프로필,1,,,미발송,f4f687f6-7bc7-4652-9fbf-8d69397a83bb
서울,관악구,라이라이켄,서울 관악구 봉천로53길 5,@rairaiken3783,https://www.instagram.com/rairaiken3783/,프로필,1,,,미발송,2f4c2457-404c-4d30-b334-6144e0af9b07
서울,관악구,멘쇼우라멘,서울 관악구 남부순환로230길 25,@menshou_ramen,https://www.instagram.com/menshou_ramen/,프로필,1,,,미발송,b5f90007-8855-44ae-b6fe-2fe4a0843788
서울,관악구,멘야카엔,서울 관악구 남부순환로230길 39 1층,@menya_kaen,https://www.instagram.com/menya_kaen/,프로필,1,,,미발송,ce740c85-d90e-477e-ab73-8326f0f1c2f5
서울,관악구,멘지 신림역점,서울 관악구 신림로59길 15-12 1층,@menji_sinrim,https://www.instagram.com/menji_sinrim/,프로필,1,,,미발송,98988437-5d29-469c-be46-ca9ec82493e7
서울,관악구,멘츠루 서울대입구점,서울 관악구 관악로 154,@menchuru_seoul,https://www.instagram.com/menchuru_seoul/,프로필,1,,,미발송,cb8ea878-1024-4025-a15e-cb1de6f5cc44
서울,관악구,이츠모라멘 신림점,서울 관악구 신림로68길 7 1층,@itsumo_sillim,https://www.instagram.com/itsumo_sillim/,프로필,1,,,미발송,2658cdd9-e1da-4cb3-b6ec-baad91afe818
서울,관악구,츠루츠루 라멘,서울 관악구 남부순환로 1766 1층,@tsurutsururmn_,https://www.instagram.com/tsurutsururmn_/,프로필,1,,,미발송,e24aba07-0cac-4e6d-9769-c8f8506a84a0
서울,관악구,카도야라멘 서울대점,서울 관악구 남부순환로 1811,@kadoya_ramen_seoul,https://www.instagram.com/kadoya_ramen_seoul/,프로필,1,,,미발송,1f7b09e5-bc43-4522-a645-ab84c7ee96b7
서울,관악구,코우짱라멘,서울 관악구 봉천로 227,@kouchan_korea_boramae,https://www.instagram.com/kouchan_korea_boramae/,프로필,1,,,미발송,2cf047b8-d565-4820-9456-628dbc14a886
서울,광진구,라멘다이야,서울 광진구 자양번영로6길 67 1층,@ramen_daiya,https://www.instagram.com/ramen_daiya/,프로필,1,,,미발송,d6869eb1-86ba-4d04-a701-ed6dda5f2bec
서울,광진구,라멘반월,서울 광진구 군자로 150,@ramenbanwol_gj,https://www.instagram.com/ramenbanwol_gj/,프로필,1,,,미발송,3b84fa4d-8d83-4fa6-8c88-a7ba0893e3db
서울,광진구,롱메,서울 광진구 긴고랑로8길 79,@rongme_seoul,https://www.instagram.com/rongme_seoul/,프로필,1,,,미발송,3f1a5298-d3e6-4e0d-99fc-d1826a55834b
서울,광진구,멘츠루 어린이대공원점,서울 광진구 광나루로 394,@menchuru_grandpark,https://www.instagram.com/menchuru_grandpark/,프로필,1,,,미발송,75d9612f-bab7-49ca-923f-2f7f6159d1a2
서울,광진구,멘코지,서울 광진구 동일로26길 7,@menkoji_ramen,https://www.instagram.com/menkoji_ramen/,프로필,1,,,미발송,08214550-3609-4d16-a5d7-7ad14eb0fe14
서울,광진구,멘쿄,서울 광진구 천호대로111길 10 1층,@menkyo.seoul,https://www.instagram.com/menkyo.seoul/,프로필,1,,,미발송,2794e7c6-3c3b-4079-924e-d457fbfe4276
서울,광진구,부탄츄 건대점,서울 광진구 동일로22길 117-14,@butanchu_kondae,https://www.instagram.com/butanchu_kondae/,프로필,1,,,미발송,e41bfc9b-88ca-4a63-94dd-48d0789ecea0
서울,광진구,우마이도 건대점,서울 광진구 능동로 135-2,@umaido_ramen,https://www.instagram.com/umaido_ramen/,프로필,1,,,미발송,7a1f8c8a-56db-480f-b173-f50d5bcdc15b
서울,광진구,유니드라멘,서울 광진구 능동로37길 44,@youneedramen,https://www.instagram.com/youneedramen/,프로필,1,,,미발송,e5d39cb2-7290-40d5-be16-641d15691bf0
서울,광진구,초라멘,서울 광진구 능동로13길 80,@cho_ramen,https://www.instagram.com/cho_ramen/,프로필,1,,,미발송,945432db-33f6-45c4-8047-487508c93893
서울,광진구,츠케루 건대입구점,서울 광진구 아차산로29길 35 1층,@tsukeru_gundae,https://www.instagram.com/tsukeru_gundae/,프로필,1,,,미발송,6419ffcb-311f-4f38-bd21-a2544571f266
서울,구로구,유카이도,서울 구로구 연동로11길 9 1층 101호,@yukaido_est.2011,https://www.instagram.com/yukaido_est.2011/,프로필,1,,,미발송,9e6d0fd4-a664-440c-8bfb-b102a222283f
서울,구로구,호정,서울 구로구 공원로6나길 29-19,@ramen.hojeong,https://www.instagram.com/ramen.hojeong/,프로필,1,,,미발송,0b3f166b-7399-4fd1-8718-bb5153922f0c
서울,금천구,멘야하나,서울 금천구 시흥대로152길 25,@menyahana0428,https://www.instagram.com/menyahana0428/,프로필,1,,,미발송,0bc2df40-9e44-42f8-92cb-f37f669ea8eb
서울,금천구,소요카제라멘,서울 금천구 디지털로10길 69 1층,@soyokaje_noodle,https://www.instagram.com/soyokaje_noodle/,프로필,1,,,미발송,a81beade-9622-40d2-bedf-8642638d4b84
서울,금천구,쇼쿠도 에이엔,서울 금천구 가산디지털1로 88 IT프리미어타워 1층 102호,@shokudo_aien,https://www.instagram.com/shokudo_aien/,프로필,1,,,미발송,efb5f635-c2d0-42a5-b33f-1ae74119d2b6
서울,노원구,라멘츠쿠,서울 노원구 상계로1길 38-11 우창프라자 1층 117호,@ramen_tsuku,https://www.instagram.com/ramen_tsuku/,프로필,1,,,미발송,33567ce4-9875-4275-b7b3-99d25bba069d
서울,노원구,레드멘야케이 노원본점,서울 노원구 상계로 63-7 청우빌딩 1층 107호,@redmenyakei2,https://www.instagram.com/redmenyakei2/,프로필,1,,,미발송,d769b696-8038-4a1c-83d7-9eb5d110c5e8
서울,노원구,쇼지키,서울 노원구 동일로186길 50,@syojiki_ramen,https://www.instagram.com/syojiki_ramen/,프로필,1,,,미발송,f07ebc64-3601-4253-a005-f6a11c84cfcd
서울,노원구,토리코코로 공릉직영점,서울 노원구 공릉로35길 10 지하1층,@torikokoro_gn,https://www.instagram.com/torikokoro_gn/,프로필,1,,,미발송,96be6859-72b4-4129-abce-b25d0afc56b7
서울,도봉구,세종라멘,서울 도봉구 도봉로114길 43 1층,@sejongramen,https://www.instagram.com/sejongramen/,프로필,1,,,미발송,caba729f-3fab-4974-a9c2-f642fa8e41c4
서울,도봉구,정식,서울 도봉구 도봉로112길 27 1층,@jeong_sik_9991,https://www.instagram.com/jeong_sik_9991/,프로필,1,,,미발송,16614855-a51a-4b43-bbff-81bec812df4e
서울,도봉구,코토코토,서울 도봉구 노해로69길 26 창동시티월드 1층 105호,@cotocoto_rm,https://www.instagram.com/cotocoto_rm/,프로필,1,,,미발송,5cece5b9-98ae-47e2-8122-2e05e9ec7157
서울,도봉구,후타츠 쌍문,서울 도봉구 도봉로110길 9 1층,@hutatsu_kor,https://www.instagram.com/hutatsu_kor/,프로필,1,,,미발송,c13873ed-191f-4362-8d11-9b588c6de656
서울,동대문구,멘야카오리 장안점,서울 동대문구 답십리로68길 10 1층,@menya_jangan,https://www.instagram.com/menya_jangan/,프로필,1,,,미발송,13e5ea13-b242-4f30-8f7f-2ff8d868dda5
서울,동대문구,멘지 경희대점,서울 동대문구 경희대로 6-1 2층,@menji_kyunghee,https://www.instagram.com/menji_kyunghee/,프로필,1,,,미발송,2f5d678d-c7a7-439c-976e-9577b34693ef
서울,동대문구,우시라멘,서울 동대문구 이문로 88-11 1층,@woosi_ramen,https://www.instagram.com/woosi_ramen/,프로필,1,,,미발송,b9f29c28-c78f-42ef-b16f-0d7a218e44b8
서울,동대문구,후쿠라멘,서울 동대문구 한빛로 11 1층,@hukuramen_,https://www.instagram.com/hukuramen_/,프로필,1,,,미발송,898c31e5-f44f-4812-ac09-5ba66b53c0cd
서울,동작구,고멘,서울 동작구 동작대로17길 7,@gomen__official,https://www.instagram.com/gomen__official/,프로필,1,,,미발송,a3065493-2513-4506-b112-a2347ec70544
서울,동작구,라멘81번옥,서울 동작구 만양로14가길 30-9 1층,@ramen81_,https://www.instagram.com/ramen81_/,프로필,1,,,미발송,35c6b517-69ff-4663-97a2-ee50cd697660
서울,동작구,아스카라멘,서울 동작구 흑석로 88,@asuka_ramen_,https://www.instagram.com/asuka_ramen_/,프로필,1,,,미발송,d1ef608c-ed80-4e0d-9fbf-9e450bd81076
서울,동작구,초메,서울 동작구 만양로14길 10 1층,@chome_noryangjin,https://www.instagram.com/chome_noryangjin/,프로필,1,,,미발송,bcedfc90-1e33-4265-9889-5787630117f6
서울,마포구,566라멘,서울 마포구 연남로3길 33,@566ramen,https://www.instagram.com/566ramen/,프로필,1,,,미발송,c3ef3c12-c730-489c-b59d-728b3ea92076
서울,마포구,거북이의꿈,서울 마포구 성미산로 190-31,@dream_of_turtle_1,https://www.instagram.com/dream_of_turtle_1/,프로필,1,,,미발송,23bc8f39-7d89-43db-bfda-aac24d601784
서울,마포구,김씨네심야식당,서울 마포구 와우산로3길 28,@kims_sangsu,https://www.instagram.com/kims_sangsu/,프로필,1,,,미발송,897e81a3-7b2d-433d-8215-373f5874fadc
서울,마포구,니시무라멘 연남본점,서울 마포구 동교로 265,@nishimura.men_seoul,https://www.instagram.com/nishimura.men_seoul/,프로필,1,,,미발송,f3f1fdac-55fd-420c-967f-2fa6ef94a9f4
서울,마포구,담택,서울 마포구 동교로12안길 51,@damtaek,https://www.instagram.com/damtaek/,프로필,1,,,미발송,4ed98030-98ab-48ab-9ba0-13abfff98539
서울,마포구,라멘 키레이,서울 마포구 동교로9길 23,@ramenkirei,https://www.instagram.com/ramenkirei/,프로필,1,,,미발송,ebf9fb3d-058f-4870-9269-ab1ebeefd626
서울,마포구,라멘롱시즌,서울 마포구 동교로34길 21,@ramenlongseason,https://www.instagram.com/ramenlongseason/,프로필,1,,,미발송,4da90d08-820c-4ee1-bed0-b324ac2e2a04
서울,마포구,라멘무메이,서울 마포구 동교로27길 12,@mumei_ramen,https://www.instagram.com/mumei_ramen/,프로필,1,,,미발송,63801cba-fc0b-4bfa-9969-c5bb4176b70e
서울,마포구,라멘바 시코우,서울 마포구 와우산로7길 33,@ramenbarshikou,https://www.instagram.com/ramenbarshikou/,프로필,1,,,미발송,40e96460-7660-4cb8-b675-845ec0f6fe03
서울,마포구,라멘반라이,서울 마포구 독막로15길 3-12 NJ빌딩 1층 102호,@ramen_banrai,https://www.instagram.com/ramen_banrai/,프로필,1,,,미발송,2d261002-ca0f-48aa-a379-2271c91663ce
서울,마포구,라멘야누,서울 마포구 동교로 262-3 하늘드리움 지하1층,@ramenyanu,https://www.instagram.com/ramenyanu/,프로필,1,,,미발송,99739e1a-e8e9-4d32-b6a6-20dcc829ece2
서울,마포구,라멘파이터즈,서울 마포구 동교로38길 27-14,@ramenfighters,https://www.instagram.com/ramenfighters/,프로필,1,,,미발송,4843234a-d04f-4f40-a934-965c6e479e59
서울,마포구,렌게,서울 마포구 신촌로12길 31,@rengeramen,https://www.instagram.com/rengeramen/,프로필,1,,,미발송,13370f5c-5d58-408c-ba6d-47adda46d172
서울,마포구,류진,서울 마포구 월드컵로17길 64 지층,@ryujin_ramen_seoul,https://www.instagram.com/ryujin_ramen_seoul/,프로필,1,,,미발송,99b7551d-af5d-466f-a313-d039e7b96072
서울,마포구,마시타야,서울 마포구 와우산로29라길 26,@masitayaa,https://www.instagram.com/masitayaa/,프로필,1,,,미발송,f6d96d87-cf23-4694-ae67-9d1a635ca435
서울,마포구,마포라스토랑,서울 마포구 와우산로11길 28,@maporastaurant,https://www.instagram.com/maporastaurant/,프로필,1,,,미발송,74d0d769-0d6c-4ea5-82b2-76651367e4ff
서울,마포구,멘도무카우,서울 마포구 동교로18길 41,@mendo_mukau,https://www.instagram.com/mendo_mukau/,프로필,1,,,미발송,0f5b8a11-cbd1-4dcc-8fdc-e557130801c0
서울,마포구,멘야다이고미 홍대점,서울 마포구 월드컵북로 41 1층 102호,@menyadaigomi_hongdai,https://www.instagram.com/menyadaigomi_hongdai/,프로필,1,,,미발송,9c18130a-55f4-401c-a3ca-c0dbac9ffe4f
서울,마포구,멘야수,서울 마포구 양화로 56,@menyasoo_info,https://www.instagram.com/menyasoo_info/,프로필,1,,,미발송,41225529-0146-41bd-ba90-7a569d59be50
서울,마포구,멘야준,서울 마포구 동교로 128,@menyajoon,https://www.instagram.com/menyajoon/,프로필,1,,,미발송,96a7870b-49a2-4590-91fe-a75667d1736b
서울,마포구,멘야츠바사,서울 마포구 동교로38길 33-14,@menyatsubasa,https://www.instagram.com/menyatsubasa/,프로필,1,,,미발송,8fc2b501-c3fe-403c-8fae-1d39af3e287e
서울,마포구,멘야호타루,서울 마포구 마포대로4가길 53 1층,@hotaru_kor,https://www.instagram.com/hotaru_kor/,프로필,1,,,미발송,37d8f91f-a59a-4335-aa7e-cd8c5bfe5e15
서울,마포구,멘츠루 공덕점,서울 마포구 백범로 202,@menchuru_gongdeok,https://www.instagram.com/menchuru_gongdeok/,프로필,1,,,미발송,07a040a1-81b8-4473-a773-62c481d86848
서울,마포구,멘타카무쇼,서울 마포구 와우산로18길 29,@mentaka_musyo,https://www.instagram.com/mentaka_musyo/,프로필,1,,,미발송,5af04979-113d-4fa4-bad3-57a11c20990b
서울,마포구,무겐스위치,서울 마포구 동교로 242-13,@mugenswitch_official,https://www.instagram.com/mugenswitch_official/,프로필,1,,,미발송,6b0a2719-c0d5-4273-b252-51406bde78de
서울,마포구,부탄츄 홍대점,서울 마포구 와우산로35길 75,@butanchu_hongdae,https://www.instagram.com/butanchu_hongdae/,프로필,1,,,미발송,08866eb8-c27a-4b45-9829-53cdb136ab53
서울,마포구,사루카메,서울 마포구 연남로 15,@sarukame_ramen,https://www.instagram.com/sarukame_ramen/,프로필,1,,,미발송,445e84c6-fdf7-4397-a54d-af1d5a5bb38d
서울,마포구,삿포로 미소라멘 에류테,서울 마포구 월드컵북로 402,@ramen_eiryutei,https://www.instagram.com/ramen_eiryutei/,프로필,1,,,미발송,479d8c5e-3c24-4adc-a950-ec68772f1f0b
서울,마포구,세상끝의라멘,서울 마포구 양화로7길 6-5,@sekai_no_hate_no_ramen,https://www.instagram.com/sekai_no_hate_no_ramen/,프로필,1,,,미발송,12fcf5c3-ff46-4094-bbda-c6ad2ee65ff1
서울,마포구,소금제면소,서울 마포구 와우산로17길 26,@saltnoodlelab,https://www.instagram.com/saltnoodlelab/,프로필,1,,,미발송,b6411539-c695-46ef-bad7-290f6312597e
서울,마포구,소바하우스 멘야준,서울 마포구 월드컵북로6길 84 1층,@sobahousemenyajoon,https://www.instagram.com/sobahousemenyajoon/,프로필,1,,,미발송,092a59c1-1d4b-4f24-aba1-1b8579579f25
서울,마포구,쇼멘도,서울 마포구 동교로46길 24-2 1층,@shomendo2026,https://www.instagram.com/shomendo2026/,프로필,1,,,미발송,5da8a1bf-b9f3-49d7-9ee6-d7d43e0bfb2a
서울,마포구,쇼쿠도반,서울 마포구 토정로23길 13 1층,@shokudo_ban,https://www.instagram.com/shokudo_ban/,프로필,1,,,미발송,787c55ee-7c2c-48b3-a563-531a105f202c
서울,마포구,시카메이,서울 마포구 월드컵로21길 61 지하층,@shikamei_,https://www.instagram.com/shikamei_/,프로필,1,,,미발송,c435c849-3310-4cd5-9ed0-5ae69c0091de
서울,마포구,신세카이라멘,서울 마포구 월드컵로13길 22-8,@shinsekai_ramen,https://www.instagram.com/shinsekai_ramen/,프로필,1,,,미발송,65af3b18-4f34-49db-930b-43916144684c
서울,마포구,아키야라멘,서울 마포구 토정로 39-3 1층,@akiya.ramen,https://www.instagram.com/akiya.ramen/,프로필,1,,,미발송,c395aa4c-fe9d-4daf-bed4-b22e960d86e6
서울,마포구,와가야노토마토,서울 마포구 성미산로1길 4,@wagayano_tomato,https://www.instagram.com/wagayano_tomato/,프로필,1,,,미발송,7de65988-cb14-4213-b583-fb7dc61ae487
서울,마포구,윤멘,서울 마포구 포은로 27 1층 102호,@yoon_men,https://www.instagram.com/yoon_men/,프로필,1,,,미발송,4d9872f7-0994-4d89-a3c2-a3994dac17e9
서울,마포구,이리에라멘,서울 마포구 성지1길 18,@irie_ramen,https://www.instagram.com/irie_ramen/,프로필,1,,,미발송,110225d5-000c-4df7-9a4d-a6d9272956dd
서울,마포구,이츠모라멘,서울 마포구 와우산로23길 18-7,@itsumo_ramen,https://www.instagram.com/itsumo_ramen/,프로필,1,,,미발송,f644a5e1-ee98-4184-91ad-c9bb56529706
서울,마포구,지로우라멘,서울 마포구 와우산로29가길 79,@jirouramen,https://www.instagram.com/jirouramen/,프로필,1,,,미발송,96cb79d7-1c20-4586-8117-9b2510617aa4
서울,마포구,진세이라멘,서울 마포구 성미산로 186,@jinseiramen_yeonnam,https://www.instagram.com/jinseiramen_yeonnam/,프로필,1,,,미발송,5cdc01ef-ffed-46b9-be26-3e80a242f473
서울,마포구,츄카히로,서울 마포구 와우산로29라길 20 2층,@chukahiro,https://www.instagram.com/chukahiro/,프로필,1,,,미발송,8184ef2b-3a1d-46a7-84ae-94819113c8ec
서울,마포구,츠케루,서울 마포구 와우산로23길 9,@tsukeru_tsukemen,https://www.instagram.com/tsukeru_tsukemen/,프로필,1,,,미발송,b9b16b5a-71e1-4b7e-ad6d-230b9da9bd06
서울,마포구,칸다소바 홍대점,서울 마포구 와우산로 51-6,@kandasoba_ramen,https://www.instagram.com/kandasoba_ramen/,프로필,1,,,미발송,072c6bf0-7ca3-454d-a70f-0a797afe8775
서울,마포구,쿄라멘,서울 마포구 동교로46길 25,@kyoramen,https://www.instagram.com/kyoramen/,프로필,1,,,미발송,3904db9e-b6f8-4d85-9469-85677f24c9cb
서울,마포구,큐멘,서울 마포구 홍익로 3-11,@kyumen_official,https://www.instagram.com/kyumen_official/,프로필,1,,,미발송,b7607180-ec49-49cb-9b03-f21e635dda21
서울,마포구,하나라멘,서울 마포구 동교로38길 27-4,@hana.ramen,https://www.instagram.com/hana.ramen/,프로필,1,,,미발송,5abdb0ab-19f0-4145-b81d-f77e0945551b
서울,마포구,하카타분코,서울 마포구 독막로19길 43,@hakatabunko_official,https://www.instagram.com/hakatabunko_official/,프로필,1,,,미발송,db7daf47-f724-40fa-8c94-d0bcdd439abb
서울,마포구,하쿠텐,서울 마포구 동교로 266-12,@hakuten92,https://www.instagram.com/hakuten92/,프로필,1,,,미발송,5b713cbd-b814-4f1e-a24f-1122fc2fe3b3
서울,마포구,한창희천하일면 망원점,서울 마포구 월드컵로15길 47,@1myeon_mangwon,https://www.instagram.com/1myeon_mangwon/,프로필,1,,,미발송,a56f82e5-b172-4bf4-9e47-d92c8389a84b
서울,마포구,희옥,서울 마포구 월드컵로19길 74,@heeok_official,https://www.instagram.com/heeok_official/,프로필,1,,,미발송,b5a332c3-c253-4fba-8586-7b181c4e5f9e
서울,마포구,히루마,서울 마포구 연희로1길 19 2층,@hiruma_yeonnamdong,https://www.instagram.com/hiruma_yeonnamdong/,프로필,1,,,미발송,cbc9c480-7b42-4b0c-bbc6-f03b19fb47f3
서울,마포구,힛사츠와자,서울 마포구 포은로 97-1 1층,@hissatsuwaza_,https://www.instagram.com/hissatsuwaza_/,프로필,1,,,미발송,91802768-c009-43d0-a3ed-666628c1aa11
서울,서대문구,기린이라멘,서울 서대문구 거북골로 53-18,@kirin_ramen81,https://www.instagram.com/kirin_ramen81/,프로필,1,,,미발송,6e7ac7e9-b71d-49a8-897c-9e355d5f13c7
서울,서대문구,네츠라멘,"서울 서대문구 통일로39나길 1, 1층",@nets._.22,https://www.instagram.com/nets._.22/,프로필,1,,,미발송,5affc795-4fd5-405a-af5b-c854b8b473d1
서울,서대문구,멘야소바,서울 서대문구 연세로2길 83 성지빌딩 1층,@manyasoba,https://www.instagram.com/manyasoba/,프로필,1,,,미발송,bdb4ea84-9523-467d-8b9a-8dd1e770b59f
서울,서대문구,멘츠루 신촌점,서울 서대문구 신촌역로 43,@menchuru_sinchon,https://www.instagram.com/menchuru_sinchon/,프로필,1,,,미발송,484d9c10-1373-4839-9796-9fde54cead89
서울,서대문구,면밀,서울 서대문구 연희로11가길 53 1층 왼쪽,@myeonmil_seoul,https://www.instagram.com/myeonmil_seoul/,프로필,1,,,미발송,38fc14ce-dc4c-47af-aa55-1b00ae115643
서울,서대문구,부탄츄 신촌점,서울 서대문구 연세로5길 26-9,@butanchu_sinchon,https://www.instagram.com/butanchu_sinchon/,프로필,1,,,미발송,f1e61f7a-1bfc-4b58-a8ac-5a7e91dc7024
서울,서대문구,카라멘야,서울 서대문구 연세로7안길 34-1,@karamenya_i,https://www.instagram.com/karamenya_i/,프로필,1,,,미발송,031c8bac-7584-41a1-957e-8374bd649c65
서울,서대문구,한창희천하일면 신촌점,서울 서대문구 명물길 27-17,@cheonha_sinchon,https://www.instagram.com/cheonha_sinchon/,프로필,1,,,미발송,3a028259-b4ef-4523-a2da-fb059d19d5e7
서울,서초구,라멘모토 본점,서울 서초구 신반포로 325 반포빌딩 1층 101-1호,@ramenmoto.kr,https://www.instagram.com/ramenmoto.kr/,프로필,1,,,미발송,7db03a1d-37b8-4cb5-84f3-94c253a58e05
서울,서초구,마시타야 켄이치,서울 서초구 강남대로79길 48 1층 가장 우측점포,@masitaya.kenichi,https://www.instagram.com/masitaya.kenichi/,프로필,1,,,미발송,2d347309-637d-48a7-ab74-0037a331314e
서울,서초구,멘야시노기,서울 서초구 주흥길 3,@menya_sinogi,https://www.instagram.com/menya_sinogi/,프로필,1,,,미발송,fc08de47-74bf-426a-af11-c0cf9196f578
서울,서초구,멘지 내방역점,서울 서초구 서초대로25길 35 1층,@menji_nb,https://www.instagram.com/menji_nb/,프로필,1,,,미발송,dc4b0786-9787-4bce-a154-112ed147c5ef
서울,서초구,멘카오리,서울 서초구 사평대로57길 39-2 1층,@menkaori,https://www.instagram.com/menkaori/,프로필,1,,,미발송,4fa7a684-100e-4465-a49e-6c48409e84e4
서울,서초구,아카루이,서울 서초구 방배로13길 19,@akaruiramen.official,https://www.instagram.com/akaruiramen.official/,프로필,1,,,미발송,19683ff8-c180-4666-aa16-66cdeca165b3
서울,서초구,카쥬아루,서울 서초구 강남대로10길 60-1,@kazyuaru,https://www.instagram.com/kazyuaru/,프로필,1,,,미발송,9198af16-50c7-4811-829a-0f8be13eea7b
서울,서초구,쿠니라멘,서울 서초구 강남대로 224,@kuni_ramen,https://www.instagram.com/kuni_ramen/,프로필,1,,,미발송,ec7b9ac6-3a15-49bb-8d52-86b7668fd3bb
서울,서초구,킨카라멘,서울 서초구 주흥16길 22 1층 101호,@kinka.ramen_official,https://www.instagram.com/kinka.ramen_official/,프로필,1,,,미발송,7a040f86-89f7-4c1f-ad6d-3414ca7d1400
서울,서초구,타치바나,서울 서초구 신반포로 176 하우스오브신세계 지하1층,@tachibana.seoul,https://www.instagram.com/tachibana.seoul/,프로필,1,,,미발송,bb9e514e-89e2-43e8-9a2a-b07ae8f677b0
서울,서초구,헝그리곰바,서울 서초구 방배천로4안길 61,@hungry_gomba,https://www.instagram.com/hungry_gomba/,프로필,1,,,미발송,8aa0ab6c-4983-4e92-8610-6bf9ad785e6a
서울,성동구,니카이라멘,서울 성동구 마조로 22-3 2층,@nikai_ramen,https://www.instagram.com/nikai_ramen/,프로필,1,,,미발송,4564fc6d-4d67-4b0e-a543-fd314b6a8ccf
서울,성동구,라멘새노야,서울 성동구 마조로11길 5,@ramen_senoya,https://www.instagram.com/ramen_senoya/,프로필,1,,,미발송,b3260f81-a547-4e3a-9850-4f6e2c9c1c3b
서울,성동구,록멘,서울 성동구 성수일로3길 2 1층,@rokmen_ramen,https://www.instagram.com/rokmen_ramen/,프로필,1,,,미발송,7238a7c7-f09d-4bf0-9e3c-a7d4c5a1c68a
서울,성동구,멘츠루 성수점,서울 성동구 성수이로20길 10,@menchuru__seongsu,https://www.instagram.com/menchuru__seongsu/,프로필,1,,,미발송,f4c549cb-4737-4ebb-9214-959d82faa1d8
서울,성동구,치카이라멘 옥수본점,서울 성동구 한림말3길 15-16 1층,@chikairamen,https://www.instagram.com/chikairamen/,프로필,1,,,미발송,e055b9d4-7a35-482e-afe6-3e93880dd0d9
서울,성동구,키키노히호 성수점,서울 성동구 연무장7가길 6-1 1층,@kikinohihou_official,https://www.instagram.com/kikinohihou_official/,프로필,1,,,미발송,02e1c6ab-45dd-436c-94f5-5d0700e90f69
서울,성동구,테우치멘 이토 서울본점,서울 성동구 서울숲4길 16-10,@teuchimen.ito.seoul,https://www.instagram.com/teuchimen.ito.seoul/,프로필,1,,,미발송,a10ecdf4-cbc9-4a20-b279-01e9253b7ef8
서울,성북구,츠루츠루 마제소바,서울 성북구 삼선교로24길 41,@tsurutsuru.sb,https://www.instagram.com/tsurutsuru.sb/,프로필,1,,,미발송,069829a6-3674-43e7-b621-2585cb508d9f
서울,송파구,니시카사이,서울 송파구 백제고분로45길 5 1층 1호,@nishikasai_official,https://www.instagram.com/nishikasai_official/,프로필,1,,,미발송,75e56395-bc29-4e3b-bbe0-1485af4c1ff2
서울,송파구,멘야하나비 송파본점,서울 송파구 백제고분로45길 38 1층 103호,@menyahanabi_seoul,https://www.instagram.com/menyahanabi_seoul/,프로필,1,,,미발송,c26e776a-d655-4834-ac1c-4ba35b24d2da
서울,송파구,멘츠루 잠실점,서울 송파구 올림픽로34길 3-36,@menchuru__jamsil,https://www.instagram.com/menchuru__jamsil/,프로필,1,,,미발송,e30adf58-19cb-4429-b5b1-dfe4189aa3c8
서울,송파구,아타타카이라멘,서울 송파구 송파대로42길 26-1 1층 101호,@atatakai_ramen,https://www.instagram.com/atatakai_ramen/,프로필,1,,,미발송,00009cf7-77d6-4679-b9df-69fb01d5d4d1
서울,송파구,코이라멘 방이점,서울 송파구 올림픽로34길 16,@koibangi,https://www.instagram.com/koibangi/,프로필,1,,,미발송,91820170-c325-4501-a44e-50f488fcc9f0
서울,송파구,훈지,서울 송파구 잠실동 205 102호,@hoonzi_jamsil,https://www.instagram.com/hoonzi_jamsil/,프로필,1,,,미발송,693fc56f-e00c-4b83-a9a3-5858b17dd5a5
서울,영등포구,라멘야 시마,서울 영등포구 63로 50,@ramenya_shima,https://www.instagram.com/ramenya_shima/,프로필,1,,,미발송,040b9b4c-f85b-4458-baeb-3fc864d5c84e
서울,영등포구,로라멘,서울 영등포구 도림로131길 17,@Roramen_mullae,https://www.instagram.com/Roramen_mullae/,프로필,1,,,미발송,0d8d1ff6-9d32-4734-84ce-7e4958e0fad6
서울,영등포구,산호키,서울 영등포구 대방천로 249 1층,@sanhoki_ramen,https://www.instagram.com/sanhoki_ramen/,프로필,1,,,미발송,656a5e7a-3152-4dfd-be81-dbfc9705f9f9
서울,영등포구,삼미당 여의도점,서울 영등포구 의사당대로 97 교보증권빌딩 아케이드상가 지하1층 4호,@sam_mi_dang_yeouido,https://www.instagram.com/sam_mi_dang_yeouido/,프로필,1,,,미발송,6f17e104-ffd2-4a48-be4f-e8241e6a539a
서울,영등포구,아오리의행방불명 서울문래점,서울 영등포구 문래북로 108 상가 1층 101호,@aori_ramen,https://www.instagram.com/aori_ramen/,프로필,1,,,미발송,205ec6d3-8de0-44f6-a3de-5dd48f57cb78
서울,영등포구,아오리의행방불명 여의도점,서울 영등포구 여의대방로67길 22 태양빌딩 2층 220호,@aori_yeouido,https://www.instagram.com/aori_yeouido/,프로필,1,,,미발송,7642018c-7e62-44e2-9a91-8f7bf3b8af04
서울,영등포구,오키보루,서울 영등포구 여의나루로 77-1 1층,@okiboru_korea,https://www.instagram.com/okiboru_korea/,프로필,1,,,미발송,46e445cf-acdc-452e-916a-2c370bef4caf
서울,영등포구,카키코우죠,서울 영등포구 국제금융로8길 2 농협재단빌딩 지하1층,@kakikojo_official,https://www.instagram.com/kakikojo_official/,프로필,1,,,미발송,0c45cf55-c994-4743-969d-3397084fc388
서울,용산구,레이라멘,서울 용산구 한강대로104라길 39,@rei__ramen,https://www.instagram.com/rei__ramen/,프로필,1,,,미발송,73f48195-285d-437d-b6b3-378d23559d9c
서울,용산구,마츠도 서울역점,서울 용산구 한강대로 373-1 1층,@matsudo_seoul,https://www.instagram.com/matsudo_seoul/,프로필,1,,,미발송,1f060dff-5c45-4574-a3c9-a9de3566cb45
서울,용산구,멘타미,서울 용산구 한강대로76길 9,@mentami_official,https://www.instagram.com/mentami_official/,프로필,1,,,미발송,eaa9a14a-5482-48c2-b84a-e53bb06a5e59
서울,용산구,모코시야,서울 용산구 백범로87길 50-1 1층,@mokoshiya,https://www.instagram.com/mokoshiya/,프로필,1,,,미발송,f0d2b007-afc5-462d-a94d-3f01074710e7
서울,용산구,이로치,서울 용산구 한강대로40가길 31 2층,@ramen_irochi,https://www.instagram.com/ramen_irochi/,프로필,1,,,미발송,9d3fef9c-13f7-48d2-8cb3-a4d7b56a8b8d
서울,용산구,토마라멘 용산본점,서울 용산구 원효로89길 13-14 1층,@tomaramen,https://www.instagram.com/tomaramen/,프로필,1,,,미발송,f828e7a1-0ef7-4852-9d29-f25104494aff
서울,용산구,히요리라멘,서울 용산구 후암로35길 38,@hiyori_ramen,https://www.instagram.com/hiyori_ramen/,프로필,1,,,미발송,caf9d7d2-7dc5-49e2-ae75-7441d187e580
서울,은평구,맛스구라멘,서울 은평구 은평로3길 4 1층,@matsugu24,https://www.instagram.com/matsugu24/,프로필,1,,,미발송,b5cb584e-7b66-45a5-8722-9307ab002d3c
서울,은평구,옥토끼제면소,서울 은평구 불광천길 536,@oktokki536,https://www.instagram.com/oktokki536/,프로필,1,,,미발송,2504cd34-8a58-47ff-8fa2-ffed7c00edfd
서울,종로구,도마유즈라멘,서울 종로구 북촌로2길 14,@yuzu_ramen2,https://www.instagram.com/yuzu_ramen2/,프로필,1,,,미발송,a5b2aaa8-a5c8-4e3c-a63f-0df88e8134ee
서울,종로구,라멘 시미즈,서울 종로구 새문안로3길 12,@ramen_simiz,https://www.instagram.com/ramen_simiz/,프로필,1,,,미발송,87b1d32e-40ea-40cb-b4d3-4f631abce406
서울,종로구,라멘보루도,서울 종로구 서순라길 123-8,@ramen_bold,https://www.instagram.com/ramen_bold/,프로필,1,,,미발송,aa430d24-8609-4809-ae66-cd5541b93d4c
서울,종로구,멘노아지 종로점,서울특별시 종로구 종로5길 7 1층 101호,@mennoage_jongno,https://www.instagram.com/mennoage_jongno/,프로필,1,,,미발송,d85367e1-ae58-466c-9c8c-26260b37598d
서울,종로구,멘츠루 대학로점,서울 종로구 창경궁로26길 39,@menchuru_hyehwa,https://www.instagram.com/menchuru_hyehwa/,프로필,1,,,미발송,e4f9abe7-21d3-44f9-9139-cbd09c465c0e
서울,종로구,멘츠루 종로점,서울 종로구 삼봉로 95,@menchuru_jongno,https://www.instagram.com/menchuru_jongno/,프로필,1,,,미발송,ef125e28-206f-44eb-9f4f-bd1d9f36a117
서울,종로구,멘탄,서울 종로구 세종대로23길 21,@mentan.kr,https://www.instagram.com/mentan.kr/,프로필,1,,,미발송,d3de314c-f043-4cee-b978-b4551c526d23
서울,종로구,사이토라,서울 종로구 세종대로23길 54 지하 115~116호,@saitora.ramen,https://www.instagram.com/saitora.ramen/,프로필,1,,,미발송,1b87f28e-5815-4e24-962f-e81da7ec8869
서울,종로구,오레노라멘 인사점,서울 종로구 율곡로 49-4,@orenorameninsa,https://www.instagram.com/orenorameninsa/,프로필,1,,,미발송,5610a23b-927f-4e0d-9e56-23dc0900009e
서울,종로구,츠키라멘,서울 종로구 종로 19 르메이에르종로타운1 지하1층 B108-1-3호,@tsuki_ramen1,https://www.instagram.com/tsuki_ramen1/,프로필,1,,,미발송,332e0110-b8e1-48d1-95ed-cb3d8484778e
서울,종로구,카나르,서울 종로구 돈화문로11가길 65,@canard_ramen,https://www.instagram.com/canard_ramen/,프로필,1,,,미발송,100a3f1f-2fb2-4bf3-b19b-9b2e0108f899
서울,종로구,쿠지라스토랑 광화문점,서울특별시 종로구 종로 19 지하1층 제비113-4호,@kuzirastaurant_gwanghwamun,https://www.instagram.com/kuzirastaurant_gwanghwamun/,프로필,1,,,미발송,0254c1d1-85db-4888-b533-708a433b68fe
서울,중구,129라멘하우스,서울 중구 다산로 129,@129ramenhouse,https://www.instagram.com/129ramenhouse/,프로필,1,,,미발송,0d756197-3a11-4b8a-a2d7-f867b9746c88
서울,중구,그린라멘샵,서울 중구 서애로 18-4,@green_ramenshop,https://www.instagram.com/green_ramenshop/,프로필,1,,,미발송,c90fcfea-9799-4693-8519-f2617e0c6c92
서울,중구,라멘 킥스타트,서울 중구 다산로21길 14,@ramen_kickstart,https://www.instagram.com/ramen_kickstart/,프로필,1,,,미발송,703ff0f7-8896-4af6-9590-74038e84cf64
서울,중구,멘야서울 중림점,서울 중구 서소문로6길 34 성요셉아파트 1층 317호,@menya_seoul_jungnim,https://www.instagram.com/menya_seoul_jungnim/,프로필,1,,,미발송,d459adac-9e6e-43b1-93a6-f02ff7f50ffe
서울,중구,신승호라멘집,서울 중구 필동로 22 1층,@_shin_ramen_,https://www.instagram.com/_shin_ramen_/,프로필,1,,,미발송,e845903a-4b3a-410d-a145-3136ceac7f59
서울,중구,요아케,서울 중구 퇴계로74길 9,@Yoake.kr,https://www.instagram.com/Yoake.kr/,프로필,1,,,미발송,8d2d4382-c9ed-4708-b2ea-b90346ceca9b
서울,중구,유즈라멘 서울역본점,서울 중구 만리재로 217,@yuzu_ramen,https://www.instagram.com/yuzu_ramen/,프로필,1,,,미발송,b6c376bf-c361-481c-93b5-a77ea3354303
서울,중구,지유켄,서울 중구 수표로 42-7,@jiyuken.seoul,https://www.instagram.com/jiyuken.seoul/,프로필,1,,,미발송,46f693c5-c44c-47af-b472-f712682bd5c9
서울,중구,홈메이드라멘토키,서울 중구 퇴계로2길 7,@homemade_ramen_toki,https://www.instagram.com/homemade_ramen_toki/,프로필,1,,,미발송,d3ef7e6c-b656-42a7-a147-109531385b6b
경기,고양시 덕양구,자가이묘,경기 고양시 덕양구 의장로 122,@jsj3126,https://www.instagram.com/jsj3126/,프로필,1,,,미발송,bb79abda-fd37-4199-9f50-1aa27e6f5f7f
경기,고양시 일산동구,계단라멘 일산본점,경기 고양시 일산동구 율천로7번길 10,@upstairramen_official,https://www.instagram.com/upstairramen_official/,프로필,1,,,미발송,da6086c7-64a0-45fd-a414-c917b8d66d37
경기,고양시 일산동구,라멘오,경기 고양시 일산동구 산두로273번길 21,@rameno_ilsan,https://www.instagram.com/rameno_ilsan/,프로필,1,,,미발송,82cbe725-8b98-47b7-96c9-347a7a6bbf54
경기,고양시 일산동구,햐쿠운,경기 고양시 일산동구 일산로394번길 19-14,@ramen_hyakun,https://www.instagram.com/ramen_hyakun/,프로필,1,,,미발송,582e68f6-f906-498c-b5cf-b970c01b9475
경기,고양시 일산서구,식당 히라오카,경기 고양시 일산서구 주엽로 80,@hiraoka_ilsan,https://www.instagram.com/hiraoka_ilsan/,프로필,1,,,미발송,0793f581-bf04-41c7-83cc-0a7c2cef0957
경기,고양시 일산서구,한창희천하일면 구일산점,경기 고양시 일산서구 원일로 85-1,@abura_soba,https://www.instagram.com/abura_soba/,프로필,1,,,미발송,5259628f-82cf-4c25-904d-6ac82f0106f4
경기,광명시 시청로,리유라멘,경기 광명시 시청로 34 2층,@liu_ramen_,https://www.instagram.com/liu_ramen_/,프로필,1,,,미발송,ee338687-7d8e-47e1-b525-76bb7023ccae
경기,남양주시 불암로,토리코코로 별내본점,경기 남양주시 불암로 25-39 1층,@tori_kokoro,https://www.instagram.com/tori_kokoro/,프로필,1,,,미발송,56772902-2d79-45f9-835f-9a2926ce3df6
경기,남양주시 진접읍,멘야세븐 진접점,경기 남양주시 진접읍 해밀예당1로 220 M타워 1층,@menyaseven_jinjeop,https://www.instagram.com/menyaseven_jinjeop/,프로필,1,,,미발송,8c5116f6-baa3-44fd-b45b-b847a1cea7ef
경기,부천시 오정구,멘가고토쿠,경기 부천시 오정구 원종로29번길 83,@menga_gotoku,https://www.instagram.com/menga_gotoku/,프로필,1,,,미발송,36355772-0494-4441-9fc4-117575ae74fb
경기,부천시 원미구,멘초,경기 부천시 원미구 중동로248번길 55,@ra.mencho,https://www.instagram.com/ra.mencho/,프로필,1,,,미발송,d51dd480-1b1f-47d1-bbfe-77855669efd5
경기,부천시 원미구,카메야라멘 부천점,경기 부천시 원미구 소향로 239 대야하이빌2차 101호,@kameya_bucheon,https://www.instagram.com/kameya_bucheon/,프로필,1,,,미발송,790f68e4-1b01-4947-8957-c64c8f84b650
경기,성남시 분당구,멘야카오리 분당정자점,경기 성남시 분당구 성남대로 295,@menyakaori,https://www.instagram.com/menyakaori/,프로필,1,,,미발송,3efb64c0-f5cb-4200-98b3-5220646033d2
경기,성남시 분당구,삼미당 정자점,경기 성남시 분당구 성남대로343번길 12-8,@sam_mi_dang_jeongja,https://www.instagram.com/sam_mi_dang_jeongja/,프로필,1,,,미발송,fc85309b-58db-48de-922f-bae594eea7d2
경기,성남시 분당구,코이라멘 서현점,경기 성남시 분당구 황새울로360번길 28,@koiramen.official,https://www.instagram.com/koiramen.official/,프로필,1,,,미발송,22729ee2-c249-4076-aa79-7e83ddc8eadb
경기,성남시 분당구,클준빛날영,경기 성남시 분당구 판교역로 240,@junyeoung_ramen,https://www.instagram.com/junyeoung_ramen/,프로필,1,,,미발송,38c3608f-484d-4a61-a55a-4ef26c14a5c1
경기,성남시 분당구,토리하나,경기 성남시 분당구 성남대로 151,@tori_hana_,https://www.instagram.com/tori_hana_/,프로필,1,,,미발송,ffa56c85-6a1f-4322-91ae-919a9380738c
경기,성남시 분당구,후쿠오카라멘데파토 본점,경기 성남시 분당구 야탑로69번길 8,@fukuokaramendepato,https://www.instagram.com/fukuokaramendepato/,프로필,1,,,미발송,a1c9df2d-eab1-4002-8021-2ebbb990373c
경기,성남시 수정구,멘야비토리,경기 성남시 수정구 시민로142번길 13-2 1층,@menya.bitorii,https://www.instagram.com/menya.bitorii/,프로필,1,,,미발송,e484e05a-ba33-4970-9f9b-f6b374dac646
경기,성남시 수정구,코이라멘 위례점,경기 성남시 수정구 위례서일로1길 2,@koiramen_wirye,https://www.instagram.com/koiramen_wirye/,프로필,1,,,미발송,00e1a51e-dc4d-436b-8038-d329169d2451
경기,성남시 수정구,후토루라멘,경기 성남시 수정구 시민로142번길 23,@hutoru__ramen,https://www.instagram.com/hutoru__ramen/,프로필,1,,,미발송,116e3cd4-5d8a-4f44-a60a-c721a2a435f6
경기,성남시 중원구,대장부,경기 성남시 중원구 둔촌대로113번길 13,@daijyobu_ramen_moran,https://www.instagram.com/daijyobu_ramen_moran/,프로필,1,,,미발송,85ca22d8-23e6-4b9e-b687-11968f9b8229
경기,수원시 영통구,도이라멘,경기 수원시 영통구 월드컵로150번길 26,@doi_ramen,https://www.instagram.com/doi_ramen/,프로필,1,,,미발송,0bd8ac3f-0ddf-41e1-9687-7777baaf0b90
경기,수원시 영통구,멘야연 라멘하우스,경기 수원시 영통구 광교중앙로 240,@menyayeon,https://www.instagram.com/menyayeon/,프로필,1,,,미발송,10e99019-7397-4300-ade1-5f599a806f5d
경기,수원시 영통구,멘코라멘,경기 수원시 영통구 광교중앙로248번길 7-2 원희캐슬 광교 A동 1층 113호,@mencoramen,https://www.instagram.com/mencoramen/,프로필,1,,,미발송,20513ecd-d2d0-4c3b-ae81-b32313b0291f
경기,수원시 영통구,멘타카무쇼 광교점,경기 수원시 영통구 센트럴타운로 107,@mentaka_musyogg,https://www.instagram.com/mentaka_musyogg/,프로필,1,,,미발송,26149ec3-9205-4101-b90d-3c6bb04ef62d
경기,수원시 영통구,면단지,경기 수원시 영통구 광교로 114,@_mendanji_ramen,https://www.instagram.com/_mendanji_ramen/,프로필,1,,,미발송,cc9d0ddd-4e45-4917-b392-87771a5eacc3
경기,수원시 팔달구,멘야쿠마,경기 수원시 팔달구 중부대로220번길 10,@menya_kuma,https://www.instagram.com/menya_kuma/,프로필,1,,,미발송,4ac0e304-ee75-4ed7-9822-01babb9227e5
경기,수원시 팔달구,멘츠루 수원역점,경기 수원시 팔달구 향교로 3-2,@menchuru_suwonst,https://www.instagram.com/menchuru_suwonst/,프로필,1,,,미발송,28c28b9d-ee2e-412a-8cf3-8d5d0436ec84
경기,수원시 팔달구,멘츠루 수원점,경기 수원시 팔달구 인계로166번길 48-17,@menchuru_suwon,https://www.instagram.com/menchuru_suwon/,프로필,1,,,미발송,94dd4e44-de09-45a6-ad49-a38a77945660
경기,수원시 팔달구,유우이라멘,경기 수원시 팔달구 효원로292번길 43,@yuuiramen,https://www.instagram.com/yuuiramen/,프로필,1,,,미발송,5e79624a-7e45-43b9-a698-3d433237fa47
경기,수원시 팔달구,이츠모라멘 수원점,경기 수원시 팔달구 권광로180번길 45,@itsumosw,https://www.instagram.com/itsumosw/,프로필,1,,,미발송,0241ce7d-85ec-495f-ad98-b284f0bd7a6c
경기,수원시 팔달구,하나비라멘,경기 수원시 팔달구 권광로 184,@hanabiramenkr,https://www.instagram.com/hanabiramenkr/,프로필,1,,,미발송,4d1a37a8-9e90-40a7-957f-1d4a206f4841
경기,안산시 단원구,멘야카이,경기 안산시 단원구 중앙대로 907,@menya.kai,https://www.instagram.com/menya.kai/,프로필,1,,,미발송,43c846b0-0234-4bbf-a555-def5803ff5b1
경기,안산시 단원구,멘야카이,경기도 안산시 단원구 중앙대로 907 4동 4159호,확인 필요,https://www.instagram.com/p/DcQ5cMWO0Yp/,게시물,,,프로필 URL 확인 필요,미발송,1075a1ce-411e-41e5-8baf-fcdc9116d76b
경기,안산시 단원구,타이칸라멘,경기 안산시 단원구 고잔2길 71,@taikan_ramen,https://www.instagram.com/taikan_ramen/,프로필,1,,,미발송,b2d3021e-fd35-4a87-b58e-bbc8af201264
경기,안산시 단원구,휘니치로,경기 안산시 단원구 고잔1길 69,@hwinichiro_ramen,https://www.instagram.com/hwinichiro_ramen/,프로필,1,,,미발송,8a8f2a89-6854-4e0c-bdbc-6841d9e0cbe0
경기,안산시 상록구,돈돈라멘,경기 안산시 상록구 안산천동로2길 13,@dondonramen_ansan,https://www.instagram.com/dondonramen_ansan/,프로필,1,,,미발송,338f3e3f-f9df-4efa-b3d0-d1d859e5f79e
경기,안산시 상록구,라멘 켄큐조,경기 안산시 상록구 용신로 393,@ramen_kenquezo,https://www.instagram.com/ramen_kenquezo/,프로필,1,,,미발송,96b47c73-6a53-4b97-bc22-e8496199660e
경기,안산시 상록구,오빈라멘 본점,경기 안산시 상록구 충장로2길 12-1,@obean_ramen7,https://www.instagram.com/obean_ramen7/,프로필,1,,,미발송,c61b0560-3c29-4456-aaed-6426c3af6295
경기,안양시 동안구,멘큐단,경기 안양시 동안구 관평로69번길 19,@menqdan,https://www.instagram.com/menqdan/,프로필,1,,,미발송,087def29-93d0-45a6-a2f9-e8762e6465e5
경기,안양시 동안구,신멘,경기 안양시 동안구 호성로 20,@shin.men_official,https://www.instagram.com/shin.men_official/,프로필,1,,,미발송,02770f00-66cf-4c46-bba7-a8fdae93df88
경기,안양시 동안구,후타가와라멘,경기 안양시 동안구 시민대로 190,@futagawa_ramen,https://www.instagram.com/futagawa_ramen/,프로필,1,,,미발송,7a32e719-6cd3-461e-a726-eff481c14732
경기,양평군 강상면,노라멘노라이프,경기 양평군 강상면 강남로 1297,@no.no_ramen,https://www.instagram.com/no.no_ramen/,프로필,1,,,미발송,8c57e1c4-c7a4-434b-9a70-8d427b6a6354
경기,의왕시 계원대학로,라멘구락부,경기 의왕시 계원대학로 28,@ramengurakbu,https://www.instagram.com/ramengurakbu/,프로필,1,,,미발송,0c9e5250-2b26-4d4d-bb01-891ccfc5ddd9
경기,의정부시 가능로125번길,야사시이라멘,경기 의정부시 가능로125번길 12,@yasasieramen,https://www.instagram.com/yasasieramen/,프로필,1,,,미발송,dc46bdb4-65c8-4c59-ab94-697d5844c441
경기,이천시 중리천로,멘야노유메,경기 이천시 중리천로 58,@menyanoyume,https://www.instagram.com/menyanoyume/,프로필,1,,,미발송,900c99bf-246b-4438-9048-11db8164256b
경기,파주시 경의로,미료우,경기 파주시 경의로 1050,@miryouramen,https://www.instagram.com/miryouramen/,프로필,1,,,미발송,9a49a44b-ce39-47b4-be31-08db051947eb
경기,파주시 경의로1240번길,멘야세븐 운정점,경기 파주시 경의로1240번길 37-1 명품프라자3차 111호,@menya7_unjung,https://www.instagram.com/menya7_unjung/,프로필,1,,,미발송,8a31ece4-0467-4fd0-9e45-268f1456cc30
경기,파주시 번영로,잇쇼니키친,경기 파주시 번영로 56,@1show2kitchen,https://www.instagram.com/1show2kitchen/,프로필,1,,,미발송,942f9754-ec4f-4f68-98f2-66d74e103f76
경기,파주시 송학1길,한창희천하일면 파주운정점,경기 파주시 송학1길 158-20,@chunha_1myun,https://www.instagram.com/chunha_1myun/,프로필,1,,,미발송,d850e478-9d5f-46dc-9e5e-c1a36ec49251
경기,평택시 고덕중앙2로,따따라멘 고덕점,경기 평택시 고덕중앙2로 77-6,@ttatta.ramen,https://www.instagram.com/ttatta.ramen/,프로필,1,,,미발송,f9a449b1-62e9-4baf-ab65-49cae3d9d85b
경기,평택시 중앙시장로25번길,라멘광훈,경기 평택시 중앙시장로25번길 2-1,@ramenboy84,https://www.instagram.com/ramenboy84/,프로필,1,,,미발송,402a40f7-464c-4cc2-b6cf-2d3156229bdf
경기,평택시 진위면,라멘코우준,경기 평택시 진위면 봉남5길 35 2층,@ramen.koujun,https://www.instagram.com/ramen.koujun/,프로필,1,,,미발송,00c26102-40c3-4b45-973c-43d323013ee7
경기,하남시 미사강변동로84번길,라멘온도 하남미사점,경기 하남시 미사강변동로84번길 29 미사역 헤리움 애비뉴어 1층 113호,@ramen.ondo,https://www.instagram.com/ramen.ondo/,프로필,1,,,미발송,06319f2c-7326-472b-aa05-82f6db572fc8
경기,하남시 미사강변한강로,솔라멘,경기 하남시 미사강변한강로 136,@solramen,https://www.instagram.com/solramen/,프로필,1,,,미발송,b77b009b-bf52-4331-b2f2-44521b2866e2
경기,화성시 동탄구,코이라멘 동탄점,경기 화성시 동탄구 영천동 823-6,@koiramen_dongtan,https://www.instagram.com/koiramen_dongtan/,프로필,1,,,미발송,cbbf9111-b8b2-48b4-9373-813898027100
경기,화성시 동탄구,쿠로우사기 동탄본점,경기 화성시 동탄구 삼성1로5길 5,@kurousagi_ramen,https://www.instagram.com/kurousagi_ramen/,프로필,1,,,미발송,006f1b2d-2a57-4436-89a2-45e16e389985
경기,화성시 동탄구,쿠모,경기 화성시 동탄구 노작로2길 28,@dongtan_kumo,https://www.instagram.com/dongtan_kumo/,프로필,1,,,미발송,c33b1d1e-07f9-4fb3-ac3f-3c38bf4fc69a
경기,화성시 병점구,센쿄라멘,경기 화성시 병점구 효행로 1075-7,@senkyo_ramen,https://www.instagram.com/senkyo_ramen/,프로필,1,,,미발송,1ad9a3de-d550-4bcf-87fe-98fa207e0f5a
인천,남동구,겐키라멘,인천 남동구 남동대로765번길 25,@genkiramen2018,https://www.instagram.com/genkiramen2018/,프로필,1,,,미발송,8fedcbb6-f8c2-44e1-a8ee-734c688d7b26
인천,남동구,삼미당 구월동직영점,인천 남동구 인하로521번길 10-8,@sam_mi_dang_guwol,https://www.instagram.com/sam_mi_dang_guwol/,프로필,1,,,미발송,8a1c18d3-4a7c-4e4a-9c5b-155e56662630
인천,남동구,작은식당우,인천 남동구 문화서로46번길 38,@rdw0501,https://www.instagram.com/rdw0501/,프로필,1,,,미발송,7dcea116-16a7-4c56-8ce4-c6ddf5805c0c
인천,남동구,키쿄우,인천 남동구 인주대로604번길 49-78,@kikyo_ramen,https://www.instagram.com/kikyo_ramen/,프로필,1,,,미발송,cc0206bb-e296-4a3a-8752-7e75e628c82e
인천,남동구,해라멘,인천 남동구 성말로13번길 15,@haeramen2011,https://www.instagram.com/haeramen2011/,프로필,1,,,미발송,c20bbc6f-fd95-41e6-827c-d4c3b2baf524
인천,미추홀구,나루미,인천 미추홀구 문학길 9-35,@narumi_ramen_izakaya,https://www.instagram.com/narumi_ramen_izakaya/,프로필,1,,,미발송,45030205-5278-418a-8196-74cabb800d5b
인천,미추홀구,멘야토리,인천 미추홀구 용현동 191-1 1층,@menyatory,https://www.instagram.com/menyatory/,프로필,1,,,미발송,6be14c41-c5a2-4c8c-835a-f0c7a417132b
인천,미추홀구,멘지 인하대점,인천 미추홀구 경인남길30번길 62 1층,@menji_inha20,https://www.instagram.com/menji_inha20/,프로필,1,,,미발송,170f66b3-cb4f-4b97-b88e-435f6e76a50e
인천,미추홀구,한창희천하일면 인하대점,인천 미추홀구 인하로77번길 6-38,@no.1_noodles_inha,https://www.instagram.com/no.1_noodles_inha/,프로필,1,,,미발송,66931f28-ebc2-4145-ad61-78fb7670ccb4
인천,부평구,교레츠라멘,인천 부평구 길주남로 19-1,@kyouretsu_ramen,https://www.instagram.com/kyouretsu_ramen/,프로필,1,,,미발송,008b1b19-cb6f-4c37-889d-75da3731e157
인천,부평구,멘야마쯔리 인천테크노밸리점,인천 부평구 주부토로 236,@menyamatsuri_incheon,https://www.instagram.com/menyamatsuri_incheon/,프로필,1,,,미발송,6e77992d-f628-4eb7-aa62-6bedd926f29b
인천,부평구,쿄우와,인천 부평구 주부토로151번길 43,@kyouwakitchen,https://www.instagram.com/kyouwakitchen/,프로필,1,,,미발송,8f3f8869-172f-446d-8e76-25a9b22974f9
인천,부평구,히토소바,인천 부평구 주부토로 236 인천테크노밸리u1센터 1층 스타벅스 후문,@hito_soba,https://www.instagram.com/hito_soba/,프로필,1,,,미발송,05104f77-0761-4f6f-b97f-d902df08b380
인천,서구,구루멘,인천 서구 청라커낼로 270,@gurumen_official,https://www.instagram.com/gurumen_official/,프로필,1,,,미발송,6789dd84-8897-44f1-bdd8-408208add2c8
인천,서구,무다이 검단점,인천 서구 서곶로 837,@mudai_geomdan,https://www.instagram.com/mudai_geomdan/,프로필,1,,,미발송,b9f3a4cc-d2b4-4e1d-909a-e0c37aab8e5a
인천,서구,신짱과후쿠마루 검단사거리역점,인천 서구 완정로202번안길 25-1,@shinzzang_hm_gd,https://www.instagram.com/shinzzang_hm_gd/,프로필,1,,,미발송,61d05bb9-1d28-4733-a976-4a73f78d93d5
인천,연수구,라멘나츠,인천 연수구 인천타워대로 257,@ramen.natsu,https://www.instagram.com/ramen.natsu/,프로필,1,,,미발송,18d2a91f-994c-42d0-b63e-83b7bdd8db50
인천,연수구,삼미당 트리플스트리트점,인천 연수구 송도과학로16번길 13-18,@sammi.dang_triple,https://www.instagram.com/sammi.dang_triple/,프로필,1,,,미발송,21e22a10-e718-43dc-9f54-30cd6ea6f3fb
인천,연수구,솟구쳐차기 큐브점,인천 연수구 송도과학로16번길 13-18,@sotcha_cube,https://www.instagram.com/sotcha_cube/,프로필,1,,,미발송,a2c5f064-b511-452e-8b8f-e09da062191a
인천,중구,류센소 영종점,인천 중구 하늘별빛로65번길 7-20,@ryusenso_yjd,https://www.instagram.com/ryusenso_yjd/,프로필,1,,,미발송,46b8bb87-3998-4086-b5d9-ff0675524fde
인천,중구,미미,인천 중구 신포로23번길 38,@ramen_mimi,https://www.instagram.com/ramen_mimi/,프로필,1,,,미발송,366dcfaa-cb86-4116-84d6-c4faa79ae118
인천,중구,하쿠토리라멘,인천 중구 신포로35번길 13,@hakutori_ramen,https://www.instagram.com/hakutori_ramen/,프로필,1,,,미발송,cb7b5f68-9911-4bdc-acb9-1272682343d0
부산,강서구,라멘빔쓰,부산 강서구 명지국제2로28번길 8,@ramen_beamss,https://www.instagram.com/ramen_beamss/,프로필,1,,,미발송,1dcf493f-f547-4c4f-a17f-c78a3188998c
부산,금정구,니노마에 부산,부산 금정구 장전로12번길 30,@ninomae_busan,https://www.instagram.com/ninomae_busan/,프로필,1,,,미발송,3bcf438a-b1ea-4f8b-b22d-d7e793fb43e2
부산,금정구,코하루,부산 금정구 부산대학로38번길 16,@koharu_ramen,https://www.instagram.com/koharu_ramen/,프로필,1,,,미발송,616873df-4c14-4b6e-bce9-71aeb7d21134
부산,금정구,키무엔라멘,부산 금정구 장전온천천로73번길 6,@kimuenramen,https://www.instagram.com/kimuenramen/,프로필,1,,,미발송,339e4daa-b760-43f6-bb25-bcf4f86694a3
부산,금정구,펀치,부산 금정구 부산대학로38번길 10,@ramen.punch.busan,https://www.instagram.com/ramen.punch.busan/,프로필,1,,,미발송,1187c984-1b8a-49cc-bfea-601be00a985e
부산,기장군,마츠도,부산 기장군 기장읍 당사로8길 22,@matsudo_official,https://www.instagram.com/matsudo_official/,프로필,1,,,미발송,2efb94d8-2641-4fe9-88f3-c4e7b35f186e
부산,남구,김씨네붴부산,부산 남구 황령대로74번길 95,@aburabusan,https://www.instagram.com/aburabusan/,프로필,1,,,미발송,78b56034-311a-4e3b-b17d-c0e2b4f58ae4
부산,남구,라쿠다,부산 남구 용소로19번길 68 1층 101호,@lakuda_ramen,https://www.instagram.com/lakuda_ramen/,프로필,1,,,미발송,ace42ca8-48d3-453b-a827-58f914d4dfd8
부산,남구,아부라소바 부산,부산 남구 문현금융로 40,@aburasoba_busan,https://www.instagram.com/aburasoba_busan/,프로필,1,,,미발송,cb2e8d29-6ec2-406c-a6ea-94d269863904
부산,남구,아부라클럽,부산 남구 용소로 26 대성빌딩 1층,@abura_club,https://www.instagram.com/abura_club/,프로필,1,,,미발송,dcce0f20-8b35-4f8b-8024-1a79786f3784
부산,남구,코코노카,부산 남구 수영로334번길 56-1,@coconoka_,https://www.instagram.com/coconoka_/,프로필,1,,,미발송,5ee5bccd-b348-44d6-bdee-559579cf7e6f
부산,동구,호시노미치,부산 동구 중앙대로248번길 3-11,@hoshino_michi_,https://www.instagram.com/hoshino_michi_/,프로필,1,,,미발송,36aa7ce1-d44f-4114-8d9e-9355f1bad84d
부산,동래구,멘초비,부산 동래구 동래시장길 14,@menchovy,https://www.instagram.com/menchovy/,프로필,1,,,미발송,161a4174-438a-4802-bc78-1617957d3873
부산,동래구,타라코소바 동래점,부산 동래구 명륜로 104,@tarakosoba__dongnae,https://www.instagram.com/tarakosoba__dongnae/,프로필,1,,,미발송,f7c881c2-ba9e-4062-9073-1e02ef3d13c0
부산,부산진구,가솔린앤로지스 부산 본점,부산 부산진구 전포대로209번길 39-9,@gasoline_n_roses,https://www.instagram.com/gasoline_n_roses/,프로필,1,,,미발송,c6179012-ad13-468f-90c4-a2f198d864b2
부산,부산진구,규스지 커리바,부산 부산진구 동성로71번길 23,@gyu_curry,https://www.instagram.com/gyu_curry/,프로필,1,,,미발송,c16efb84-4a32-4c22-86fc-573761a47d5a
부산,부산진구,나의피는라멘으로되어있어,부산 부산진구 동성로 23-2,@w.c.r.d_busan,https://www.instagram.com/w.c.r.d_busan/,프로필,1,,,미발송,dc611c47-c2bf-4662-b722-4fb59afdc507
부산,부산진구,라멘야,부산 부산진구 중앙대로680번가길 78,@ramen_ya.korea,https://www.instagram.com/ramen_ya.korea/,프로필,1,,,미발송,74f2bda2-b168-4f98-bcb8-2294af00d0ad
부산,부산진구,라멘유메,부산 부산진구 동성로49번길 38-1 1층,@ramen_yume,https://www.instagram.com/ramen_yume/,프로필,1,,,미발송,b9f5d633-4eae-413a-acd9-dc1fdbd99230
부산,부산진구,류센소,부산 부산진구 서전로58번길 116-1,@ryusenso.busan,https://www.instagram.com/ryusenso.busan/,프로필,1,,,미발송,fc8bda6b-6835-4c71-9191-3e5196e8c548
부산,부산진구,마코토,부산 부산진구 서전로68번길 78,@makoto_jeonpo,https://www.instagram.com/makoto_jeonpo/,프로필,1,,,미발송,5517b5be-4574-44b9-b932-99dc896b220c
부산,부산진구,멘즈키,부산 부산진구 동성로49번길 34,@menzuki2020,https://www.instagram.com/menzuki2020/,프로필,1,,,미발송,431fe237-9229-4f0b-9c56-b4c6de8107d0
부산,부산진구,복동이네오지상,부산 부산진구 서전로9번길 49,@bokdongeneojisang,https://www.instagram.com/bokdongeneojisang/,프로필,1,,,미발송,cc4a4255-57de-4a93-a0a2-f6ffb9396ae3
부산,부산진구,부타갱스터,부산 부산진구 동천로 51,@butagangster,https://www.instagram.com/butagangster/,프로필,1,,,미발송,a79cbaad-f19c-4395-9d4f-a01cc09d8b73
부산,부산진구,사이멘,부산 부산진구 서전로67번길 30 1층,@our._.saimen,https://www.instagram.com/our._.saimen/,프로필,1,,,미발송,508f80b1-d811-4836-903c-711cda08a3bd
부산,부산진구,사이쿄우,부산 부산진구 중앙대로692번길 42,@saikyou_ramen,https://www.instagram.com/saikyou_ramen/,프로필,1,,,미발송,249d3d37-ff43-4507-abba-dbb53bc0947e
부산,부산진구,제따라멘 부산서면점,부산 부산진구 중앙대로702번길 17 2-3층,@zettaramen,https://www.instagram.com/zettaramen/,프로필,1,,,미발송,acf13ac5-d5ea-4faf-b7e0-f9356276f5cf
부산,부산진구,카네다,부산 부산진구 동성로30번길 5,@_kaneda_ramen,https://www.instagram.com/_kaneda_ramen/,프로필,1,,,미발송,6aac5921-7fe0-4b94-9f40-1690b39a843a
부산,부산진구,칸다소바 부산서면점,부산 부산진구 동천로 105,@silkroad22,https://www.instagram.com/silkroad22/,프로필,1,,,미발송,d75a29ae-c165-4c39-a4e3-bb05fe6b3f0b
부산,부산진구,테우치멘 이토,부산 부산진구 동성로 30,@teuchimen.ito.busan,https://www.instagram.com/teuchimen.ito.busan/,프로필,1,,,미발송,a73ee6b4-75f5-48e6-84e2-fc2e326a938a
부산,북구,쇼오텐,부산 북구 만덕대로40번길 33,@shotenzc,https://www.instagram.com/shotenzc/,프로필,1,,,미발송,4182324e-26e3-4b8d-b21a-d01834bef996
부산,사상구,중화소바 지평,부산 사상구 사상로 172,@_ji_pyeong_,https://www.instagram.com/_ji_pyeong_/,프로필,1,,,미발송,2f936c1e-8a19-4af7-806d-3e76c6b49065
부산,사상구,흥해라흥라멘,부산 사상구 학감대로260번길 7,@hhh_ramen,https://www.instagram.com/hhh_ramen/,프로필,1,,,미발송,86f8c341-fd27-46fa-b1f8-4ed0e2bb8bb4
부산,수영구,류센소 광안직영점,부산 수영구 남천바다로33번길 27,@ryusenso_gwangan,https://www.instagram.com/ryusenso_gwangan/,프로필,1,,,미발송,c97f31d5-2c59-4f51-961b-90be8786c55d
부산,수영구,무카게야,부산 수영구 광안로61번길 12,@mukageya,https://www.instagram.com/mukageya/,프로필,1,,,미발송,5f7aac2a-aaef-4281-a8bd-d1e75b1032ab
부산,수영구,사카나라멘,부산 수영구 수영로610번길 7,@sakana.ramen,https://www.instagram.com/sakana.ramen/,프로필,1,,,미발송,5191c727-27e6-414d-9aba-35bb854429db
부산,수영구,숏타임푸드빠,부산 수영구 광남로258번길 23,@short_time_food_bar,https://www.instagram.com/short_time_food_bar/,프로필,1,,,미발송,6d880e6c-8dcb-4838-9ed7-a307b9f246f2
부산,수영구,와루가키노아소비,부산 수영구 민락로6번길 23,@warugaki_asobi,https://www.instagram.com/warugaki_asobi/,프로필,1,,,미발송,770292bd-2359-4b4a-bf02-10f06f7c05b0
부산,수영구,우마이라멘,부산 수영구 망미배산로10번길 28,@yoooooon.chef,https://www.instagram.com/yoooooon.chef/,프로필,1,,,미발송,b54bdc01-ddbe-478f-b503-571a96ec0670
부산,수영구,우미노라멘,부산 수영구 민락본동로19번길 33,@umino_ramen_official,https://www.instagram.com/umino_ramen_official/,프로필,1,,,미발송,0797d485-c2ed-4030-b899-770b5bbaac14
부산,수영구,제로 라멘,부산 수영구 광안로21번길 7,@zeroramenbs,https://www.instagram.com/zeroramenbs/,프로필,1,,,미발송,d76e0df7-5576-4f49-aeac-b7a36746f6e3
부산,수영구,쿠지라스토랑,부산 수영구 무학로49번길 71,@kuzirastaurant,https://www.instagram.com/kuzirastaurant/,프로필,1,,,미발송,4b60227b-71ac-491d-987a-74ff4f3eacaa
부산,연제구,멘야토리모토,부산 연제구 중앙대로1043번길 34 시청역 sk뷰아파트상가 1층 107호,@menya_torimotto,https://www.instagram.com/menya_torimotto/,프로필,1,,,미발송,83a4a111-1a96-4fa0-9fd2-39df5632ebe5
부산,연제구,찬찬라멘 부산시청점,부산 연제구 중앙대로1038번길 9 1층,@chanchan_busancityhall,https://www.instagram.com/chanchan_busancityhall/,프로필,1,,,미발송,61eb544d-b721-4a02-b418-56cc946fbb91
부산,중구,라멘스스,부산 중구 광복로 90-1,@ramen_s.s,https://www.instagram.com/ramen_s.s/,프로필,1,,,미발송,4133805f-2bf7-497a-b46f-1d462aef84e1
부산,중구,리틀훅라멘,부산 중구 대청로137번길 4,@littlehook.ramen,https://www.instagram.com/littlehook.ramen/,프로필,1,,,미발송,530c2ab6-9ef5-475b-b1e0-48cfe035ca52
부산,해운대구,류센소 본점,부산 해운대구 구남로8번길 62,@ryusenso.korea,https://www.instagram.com/ryusenso.korea/,프로필,1,,,미발송,6910c53c-209f-4875-9df8-4ce29f4d2556
부산,해운대구,멘제이텐,부산 해운대구 센텀동로 99,@dutyfreeshop.24,https://www.instagram.com/dutyfreeshop.24/,프로필,1,,,미발송,b6b420be-3b58-4031-a8cc-ebef7d815572
부산,해운대구,요시라멘,부산 해운대구 우동3로11번길 35,@yoshi.ramen,https://www.instagram.com/yoshi.ramen/,프로필,1,,,미발송,1ac1da94-afac-4f24-87f4-e43fd4af0eaf
부산,해운대구,쿠지라멘,부산 해운대구 우동2로 17,@kuziramen,https://www.instagram.com/kuziramen/,프로필,1,,,미발송,723c951c-9af2-4552-b608-86690a2ddde4
부산,해운대구,타라코소바,부산 해운대구 해운대해변로359번길 27,@tarako__soba,https://www.instagram.com/tarako__soba/,프로필,1,,,미발송,0f3170a7-e2a9-440e-9048-87f341ef46b0
부산,해운대구,토리킨,부산 해운대구 구남로18번길 24,@torikin_ramen,https://www.instagram.com/torikin_ramen/,프로필,1,,,미발송,1086f389-e88c-49e5-a011-8004cb05fa99
대구,남구,로망라멘,대구 남구 중앙대로51길 121,@ROMANxRAMEN,https://www.instagram.com/ROMANxRAMEN/,프로필,1,,,미발송,4b374b28-d096-42ef-af58-3418d231b6c1
대구,달서구,라멘다이스키보이즈,대구 달서구 계대동문로3길 23,@ramen.daiski.boys,https://www.instagram.com/ramen.daiski.boys/,프로필,1,,,미발송,7b84ab77-ddf8-42e6-a31f-291611a6726c
대구,달서구,칸타루라멘,대구 달서구 월곡로 266,@kantaruramen,https://www.instagram.com/kantaruramen/,프로필,1,,,미발송,e7e5e114-5036-4a20-b768-7716aef12056
대구,달서구,텐고쿠 본점,대구 달서구 서당로9길 46-6,@tengoku_official,https://www.instagram.com/tengoku_official/,프로필,1,,,미발송,0a927989-c69f-417e-a75e-03c3396c3732
대구,동구,멘야로지,대구 동구 동부로32길 7,@menya_roji,https://www.instagram.com/menya_roji/,프로필,1,,,미발송,f0536f22-2325-47e6-b70d-d363d4201c6a
대구,동구,샤이라멘,대구 동구 동부로32길 2,@shy_ramen88,https://www.instagram.com/shy_ramen88/,프로필,1,,,미발송,075ce89b-cc67-4e8a-8bea-d582f9003ac2
대구,북구,멘노쿠마,대구 북구 경진로1길 43,@men_no_kuma,https://www.instagram.com/men_no_kuma/,프로필,1,,,미발송,301719b7-2383-4592-9523-7241ba6af9fa
대구,수성구,류센소 범어점,대구 수성구 달구벌대로496길 5,@ryusenso_beomeo,https://www.instagram.com/ryusenso_beomeo/,프로필,1,,,미발송,725070de-9486-4caa-9350-5086929240e3
대구,수성구,멘츠로에비야,대구 수성구 알파시티2로 18,@mentzro_ebiya,https://www.instagram.com/mentzro_ebiya/,프로필,1,,,미발송,f342ad0c-c3e5-4739-9561-b37fb3715879
대구,수성구,텐카이치멘,대구 수성구 신천동로 6,@tenka_ichimen,https://www.instagram.com/tenka_ichimen/,프로필,1,,,미발송,1b549716-8f1a-44a1-8cb8-924e0dcb913b
대구,중구,나의피는라멘으로되어있어,대구 중구 공평로 55,@w.c.r.d_daegu,https://www.instagram.com/w.c.r.d_daegu/,프로필,1,,,미발송,430ded55-a0ff-4c80-8b1c-45d9aebb0896
대구,중구,라멘도란스,대구 중구 북성로 86-1,@ramen_trans,https://www.instagram.com/ramen_trans/,프로필,1,,,미발송,baaf2ba5-56fe-479f-8b97-8931ae14eeff
대구,중구,라멘집아저씨,대구 중구 달구벌대로446길 18-3,@ramenyasan_daegu,https://www.instagram.com/ramenyasan_daegu/,프로필,1,,,미발송,31a4ad71-efbf-4e54-818a-cefabfb0f1ba
대구,중구,라츠라멘,대구 중구 국채보상로150길 76-30,@ratsu_ramen,https://www.instagram.com/ratsu_ramen/,프로필,1,,,미발송,d9dd2899-beaf-45f1-a7a5-4ad53f26ed7e
대구,중구,류센소 동성로점,대구 중구 공평로 57,@ryusenso_daegu,https://www.instagram.com/ryusenso_daegu/,프로필,1,,,미발송,c41524eb-4e52-4990-b3e5-94a561755f5e
대구,중구,마코토,대구 중구 동성로2길 18-6,@_makoto_official,https://www.instagram.com/_makoto_official/,프로필,1,,,미발송,60017387-3cce-4a8a-8c9b-516b56e67c00
대구,중구,멘야라츠,대구 중구 명륜로23길 105,@menya_ratsu,https://www.instagram.com/menya_ratsu/,프로필,1,,,미발송,76238efd-6d11-416e-907b-c9f694b5f44c
대구,중구,멘야큐,대구 중구 중앙대로 379-4,@menya_q,https://www.instagram.com/menya_q/,프로필,1,,,미발송,66f02fe3-0072-46df-9b45-30d573adc1b1
대구,중구,와라이라멘,대구 중구 동성로 8-17,@warairamen,https://www.instagram.com/warairamen/,프로필,1,,,미발송,89bb3d74-8b62-41ee-9d73-1acfd0ac0840
대구,중구,츠루멘,대구 중구 달구벌대로 2109-23,@tsurumen_official,https://www.instagram.com/tsurumen_official/,프로필,1,,,미발송,6d6b5dc5-fa94-4ad9-ba9a-2fb9cf98b4fd
대구,중구,큐산,대구 중구 동성로2길 49-17,@kyusanramen,https://www.instagram.com/kyusanramen/,프로필,1,,,미발송,49ffa569-58c0-43a6-b5f1-7ed7674c9782
광주,남구,멘타루,광주 남구 제중로46번길 13,@yujeu95,https://www.instagram.com/yujeu95/,프로필,1,,,미발송,78edb667-51ff-4873-bfab-a6b8e62238a9
광주,남구,산쪼메 광주대점,광주 남구 효덕로 272,@exkjd1,https://www.instagram.com/exkjd1/,프로필,1,,,미발송,50126eae-24b5-4bc7-a3a9-260beaa6976a
광주,동구,미노라멘,광주 동구 동계로10번길 14,@mino__ramen,https://www.instagram.com/mino__ramen/,프로필,1,,,미발송,1a44b4b1-d7d0-4e20-b317-0f6cfd4f02c0
광주,목포시,카와루라멘 목포본점,전남광주통합특별시 목포시 원산로69번길 17 1층,@kawaru_official,https://www.instagram.com/kawaru_official/,프로필,1,,,미발송,536e78a7-489e-488f-b416-cad24e23dbc3
광주,무안군,라멘집아저씨,전남광주통합특별시 무안군 삼향읍 대죽서로 21,@ramenyasan_official,https://www.instagram.com/ramenyasan_official/,프로필,1,,,미발송,db1f1528-f387-4b68-bd19-c8344194e7f9
광주,무안군,카와루라멘 남악점,전남광주통합특별시 무안군 삼향읍 남악3로 71,@kawaru.namak,https://www.instagram.com/kawaru.namak/,프로필,1,,,미발송,0128703f-8e3f-4e38-807e-a9cdfce6847b
광주,북구,라멘키노리,광주 북구 호동로 9-1,@ramen_kinori,https://www.instagram.com/ramen_kinori/,프로필,1,,,미발송,c5f80329-8203-48f2-89dd-df085f9a93f3
광주,북구,요쿄우라멘,광주 북구 첨단연신로 88,@yokkyou_ramenbar,https://www.instagram.com/yokkyou_ramenbar/,프로필,1,,,미발송,3a580265-d9e9-4e3c-812d-214552682477
광주,북구,젠키라멘 전대상대 본점,광주 북구 설죽로196번길 27 1층,@zenki__yongbong,https://www.instagram.com/zenki__yongbong/,프로필,1,,,미발송,0ff3ad23-9eb2-4139-ac15-090436604b9a
광주,서구,류센소 광주상무점,광주 서구 상무중앙로 96,@ryusenso_sangmu,https://www.instagram.com/ryusenso_sangmu/,프로필,1,,,미발송,b6454ed0-5069-498e-a9d1-a1570ce98099
광주,순천시,라멘마루켄,전남광주통합특별시 순천시 왕지4길 14-19 1층,@ramenmaruken,https://www.instagram.com/ramenmaruken/,프로필,1,,,미발송,41c832a1-f5ee-4c46-a0a4-749f50455ca6
광주,순천시,멘야로,전남광주통합특별시 순천시 왕지2길 9-11 1층 103호,@menyaro_suncheon,https://www.instagram.com/menyaro_suncheon/,프로필,1,,,미발송,c9bc083e-73a4-427a-8f14-f60e7abd534e
광주,순천시,산미태,전남광주통합특별시 순천시 연향상가5길 17 1층 102호,@sanmitae__,https://www.instagram.com/sanmitae__/,프로필,1,,,미발송,87af6c68-8d85-4679-87e0-e9164897526f
광주,순천시,산쪼메 순천점,전남광주통합특별시 순천시 왕지4길 3-24 1층,@sanchome_suncheon,https://www.instagram.com/sanchome_suncheon/,프로필,1,,,미발송,802a610c-bb98-41f4-a165-f89cc3ded893
광주,순천시,이치미태,전남광주통합특별시 순천시 중앙3길 6-4 1층,@ichimitae__,https://www.instagram.com/ichimitae__/,프로필,1,,,미발송,18448a18-15bc-4230-9584-3767fbeb7e0e
대전,대덕구,라멘유니버스,대전 대덕구 한남로38번길 3-1,@ramen._.universe,https://www.instagram.com/ramen._.universe/,프로필,1,,,미발송,a0b5bf26-5137-47dd-835b-510c222422af
대전,서구,건담S,대전 서구 관저남로25번길 14-21,@geondams4,https://www.instagram.com/geondams4/,프로필,1,,,미발송,3742f4d0-2433-4306-9a71-afe0a4aaf80a
대전,서구,그레이토라멘,대전 서구 둔산북로 36,@greatramen_official,https://www.instagram.com/greatramen_official/,프로필,1,,,미발송,b598ceb4-cbd5-4088-811c-36c7f116dff7
대전,서구,라멘무라 본점,대전 서구 계룡로603번길 17,@ramen_mura,https://www.instagram.com/ramen_mura/,프로필,1,,,미발송,9a63c81e-9c68-444b-8773-e7967b6b312e
대전,서구,라멘부보트,대전 서구 도안동로 6,@boo__bot,https://www.instagram.com/boo__bot/,프로필,1,,,미발송,62a34a9a-a183-43df-b263-cc56eec48251
대전,서구,라멘오오타,대전 서구 갈마역로25번길 27-7,@ramen_o.ota,https://www.instagram.com/ramen_o.ota/,프로필,1,,,미발송,60fdd663-3813-4c59-9ce9-b43b4d9aafbc
대전,서구,로얄라멘,대전 서구 계룡로367번길 13,@ramen_royal,https://www.instagram.com/ramen_royal/,프로필,1,,,미발송,8e175656-e3fa-444c-af2f-006092b8f46d
대전,서구,본미당 괴정점,대전 서구 계룡로 616,@bonmidanglotte,https://www.instagram.com/bonmidanglotte/,프로필,1,,,미발송,bff0b9df-7602-489a-9f24-2478a618ef3e
대전,서구,산시오,대전 서구 갈마역로 10,@sansio_kr,https://www.instagram.com/sansio_kr/,프로필,1,,,미발송,f95d6fc5-07c1-4a0b-8863-5407a479ad3f
대전,서구,츄카소바텐,대전 서구 남선로9번길 63-15,@chukasoba.ten,https://www.instagram.com/chukasoba.ten/,프로필,1,,,미발송,806f081c-085a-4489-a17d-ab4361d8f2a1
대전,유성구,도쿄라멘 지족점,대전 유성구 북유성대로 219,@tokyoramen_jijok,https://www.instagram.com/tokyoramen_jijok/,프로필,1,,,미발송,9c690670-74bf-467b-b250-77e18cd9be8e
대전,유성구,마제신성,대전 유성구 가정로89번길 8 1층,@mazesinsung,https://www.instagram.com/mazesinsung/,프로필,1,,,미발송,e660f6c0-54c6-40e2-8aff-2225c2f52598
대전,유성구,모모멘,대전 유성구 학하서로 140-4,@momomen1001,https://www.instagram.com/momomen1001/,프로필,1,,,미발송,f4cf2ba0-39f6-4f10-9275-4343b9a35bc4
대전,중구,궁멘,대전 중구 중교로 13,@gung_men,https://www.instagram.com/gung_men/,프로필,1,,,미발송,96e06cf4-d534-482b-b5ee-f541512135ab
대전,중구,본미당 은행점,대전 중구 중앙로164번길 26,@bonmidang1,https://www.instagram.com/bonmidang1/,프로필,1,,,미발송,1947617d-a9c3-4485-904d-02b6479da954
대전,중구,아오리의행방불명 은행동점,대전 중구 중교로 91,@aoriramen_daejeon,https://www.instagram.com/aoriramen_daejeon/,프로필,1,,,미발송,429fa732-cb5d-4cf6-9ed0-f3aa4cbb33ce
울산,남구,네스토,울산 남구 화합로194번길 22,@nesto_ulsan,https://www.instagram.com/nesto_ulsan/,프로필,1,,,미발송,594e6a11-f18a-4d8a-9cb6-dabb31e60dce
울산,남구,라멘타카노,울산 남구 왕생로86번길 10,@ramen_takano,https://www.instagram.com/ramen_takano/,프로필,1,,,미발송,c9c6acd4-878c-418d-a6fa-ee456051b60d
울산,남구,멘야마쯔리 울산달동점,울산 남구 왕생로66번길 15,@menyaulsan_official,https://www.instagram.com/menyaulsan_official/,프로필,1,,,미발송,096f137d-bb7d-4650-8d55-1974b856b0e9
울산,남구,멘타이쇼,울산 남구 월평로195번길 1,@men_taishow,https://www.instagram.com/men_taishow/,프로필,1,,,미발송,63a246a7-3927-42ff-b369-6ba733b1b3a9
울산,남구,멘테오,울산 남구 왕생로66번길 11,@menteo_x,https://www.instagram.com/menteo_x/,프로필,1,,,미발송,fe71230b-a6fb-492e-a379-a704bf9b4699
울산,남구,슬슬라멘,울산 남구 문수로 363-1,@seulseulramen_ulsan,https://www.instagram.com/seulseulramen_ulsan/,프로필,1,,,미발송,4c52ff3d-4b8f-4a7b-a9d5-3259ee90d593
울산,남구,아오리의행방불명 달동점,울산 남구 돋질로220번길 16,@aoriramen_daldong,https://www.instagram.com/aoriramen_daldong/,프로필,1,,,미발송,367c84e0-28c8-4d80-9024-8241041e8792
울산,남구,오이시라멘,울산 남구 왕생로66번길 20,@oishii_ramen_samsan,https://www.instagram.com/oishii_ramen_samsan/,프로필,1,,,미발송,00277589-c18b-4499-94a7-778c821f4661
울산,남구,키츠키,울산 남구 중앙로204번길 4,@kitsuki_kor,https://www.instagram.com/kitsuki_kor/,프로필,1,,,미발송,d098105c-fc77-4e7f-817a-6ea1ea89e710
울산,북구,환장라멘 송정본점,울산 북구 송정17길 3,@__h.z_ramen,https://www.instagram.com/__h.z_ramen/,프로필,1,,,미발송,37760f18-24f1-448a-9754-aac2221f2c41
울산,울주군,와다라멘 간절곶점,울산 울주군 서생면 해맞이로 1130,@wadagjg,https://www.instagram.com/wadagjg/,프로필,1,,,미발송,add4d4f4-29af-41fe-9ac8-36c9119ea641
세종,남세종로,라멘코티지,세종특별자치시 남세종로 480,@ramen.cottage,https://www.instagram.com/ramen.cottage/,프로필,1,,,미발송,14ac88ae-f2d2-416b-b223-59652e46947d
세종,도움8로,스바라시라멘 세종점,세종특별자치시 도움8로 91,@sbarasi_sejong,https://www.instagram.com/sbarasi_sejong/,프로필,1,,,미발송,dbaa353f-3384-46f2-a283-8a9ce4d15498
세종,부강면,멘야쿠지라,세종특별자치시 부강면 부강외천로 24,@menya_kujira,https://www.instagram.com/menya_kujira/,프로필,1,,,미발송,22a4a560-9240-4fdc-979e-41723422a30a
세종,한누리대로,멘야시오,세종특별자치시 한누리대로 287,@menyasio,https://www.instagram.com/menyasio/,프로필,1,,,미발송,0b339627-3165-462b-b2e7-1a871b49f983
세종,한누리대로,멘키타루,세종특별자치시 한누리대로 1948,@menkitaru,https://www.instagram.com/menkitaru/,프로필,1,,,미발송,4b37ca16-22f0-4c5a-a3be-75224cf02659
강원,강릉시 초당원길,이츠모라멘 강릉점,강원특별자치도 강릉시 초당원길 34,@itsumo_chodang,https://www.instagram.com/itsumo_chodang/,프로필,1,,,미발송,7cb5ee2b-e828-4b0f-9049-be3fc25e90f2
강원,삼척시 당저길,멘야산초쿠 본점,강원특별자치도 삼척시 당저길 35-12 2층,@menya.sanchoku,https://www.instagram.com/menya.sanchoku/,프로필,1,,,미발송,b145fe16-ec53-435d-bd6e-682f5bcd04ad
강원,속초시 영랑로2길,주오일심야라멘,강원특별자치도 속초시 영랑로2길 7 1층,@juoil.rm,https://www.instagram.com/juoil.rm/,프로필,1,,,미발송,acabe7c3-503f-4399-b796-8422d06dc11c
충북,제천시 풍양로,지미오리온,충북 제천시 풍양로 108,@ramen_jimmyorion,https://www.instagram.com/ramen_jimmyorion/,프로필,1,,,미발송,3a03b860-9094-4cbd-95a9-f0d5cddcdfb6
충북,청주시 서원구,후카미,충북 청주시 서원구 산남로 83,@fukami_ramen,https://www.instagram.com/fukami_ramen/,프로필,1,,,미발송,dba6902d-10ab-4d3f-9422-dd9e000eb1e3
충북,청주시 청원구,이봉기의 중화소바,충북 청주시 청원구 율봉로262번길 13-10 1층 102호,@lbg_chukasoba,https://www.instagram.com/lbg_chukasoba/,프로필,1,,,미발송,6b478620-b5e8-464c-9f0c-12610b75a730
충북,청주시 흥덕구,멘야카타,충북 청주시 흥덕구 대농로 33,@ramenyakata,https://www.instagram.com/ramenyakata/,프로필,1,,,미발송,1cd8222a-cee5-480f-b8f8-da4861b59c8a
충북,청주시 흥덕구,멘카이도,충북 청주시 흥덕구 2순환로 1228,@menkaido_ramen,https://www.instagram.com/menkaido_ramen/,프로필,1,,,미발송,76280009-9434-4cbe-8d18-17197b682774
충북,청주시 흥덕구,아츠마리준,충북 청주시 흥덕구 서현북로 81 LH타워 1층,@atsumari_jun,https://www.instagram.com/atsumari_jun/,프로필,1,,,미발송,c00ca5ed-ba9f-4259-9005-b29b2e144514
충남,천안시 서북구,눚,충남 천안시 서북구 원두정3길 27,@_nu.j_,https://www.instagram.com/_nu.j_/,프로필,1,,,미발송,fcd9f872-8940-4ded-bb1b-18bf69868c22
전북,전주시 덕진구,아오리라멘 전주만성점,전북특별자치도 전주시 덕진구 만성중앙로 54-40 1층,@aoriramen_jeonju,https://www.instagram.com/aoriramen_jeonju/,프로필,1,,,미발송,a4cfcfba-7fc3-4246-acc8-aa29a2509deb
전북,전주시 덕진구,히타이쇼,전북특별자치도 전주시 덕진구 송천중앙로 249 3호,@hitaishou_ramen,https://www.instagram.com/hitaishou_ramen/,프로필,1,,,미발송,6765c168-4f5a-4e06-8b8a-cb46af462aa5
전북,전주시 완산구,도파멘,전북특별자치도 전주시 완산구 전라감영2길 6,@ramenbar_dopamen,https://www.instagram.com/ramenbar_dopamen/,프로필,1,,,미발송,679aee63-fd3d-4bbd-9d4e-14017043eb3b
전북,전주시 완산구,천하일면 전주완산점,전북특별자치도 전주시 완산구 거마평로 181,@chunhailmyeon,https://www.instagram.com/chunhailmyeon/,프로필,1,,,미발송,6b162b8e-f228-4ff6-914b-994fef697ab2
경북,경주시 동성로,대호당,경북 경주시 동성로 129,@_ootora_,https://www.instagram.com/_ootora_/,프로필,1,,,미발송,dc5e2992-85c9-4aff-b962-b06718d6e516
경북,경주시 원효로,심야라멘트럭 경주점,경북 경주시 원효로 64 1층,@simya_ramen_gyeongju,https://www.instagram.com/simya_ramen_gyeongju/,프로필,1,,,미발송,be7dc5f4-56af-4057-8ea8-c19f3f2a778b
경북,안동시 송천1길,멘야이로,경북 안동시 송천1길 146-9,@menya_iro,https://www.instagram.com/menya_iro/,프로필,1,,,미발송,ea7670d3-4004-445d-a9f2-cca175ff77ba
경북,안동시 전거리2길,멘야이로 용상점,경북 안동시 전거리2길 95 1층,@menyairo_yongsang,https://www.instagram.com/menyairo_yongsang/,프로필,1,,,미발송,b42a604c-4d28-4935-a74f-3033e735ca2a
경북,안동시 태사1길,에또라멘,경북 안동시 태사1길 8 1층,@ettorameng,https://www.instagram.com/ettorameng/,프로필,1,,,미발송,cb862e7f-7e9b-4c09-ab52-dec5ee3157d9
경북,포항시 남구,테츠로라멘,경북 포항시 남구 효자동길 1 1층,@ramenya_tetsuro,https://www.instagram.com/ramenya_tetsuro/,프로필,1,,,미발송,ea51471c-0c27-451d-856e-d61e64498b45
경북,포항시 남구,포항 순이,경북 포항시 남구 효자동길7번길 5-1 1층,@suni.onlysuni,https://www.instagram.com/suni.onlysuni/,프로필,1,,,미발송,680f63cc-da40-42c2-9a5e-77e46538e35e
경북,포항시 북구,라멘묘조,경북 포항시 북구 장량로 140 1층,@ramen_myojo,https://www.instagram.com/ramen_myojo/,프로필,1,,,미발송,22e02b6a-bf44-48a1-a1d0-64e60a9edaba
경북,포항시 북구,베라보제면소 본점,경북 포항시 북구 장량로174번길 6-6 1층,@ramen_beravo,https://www.instagram.com/ramen_beravo/,프로필,1,,,미발송,00ee9a17-5199-4c6f-8c77-4998a17eee00
경북,포항시 북구,아오리라멘 포항점,경북 포항시 북구 중앙상가길 9-1 1층,@aoriramen_pohang,https://www.instagram.com/aoriramen_pohang/,프로필,1,,,미발송,4c1dae12-bf5d-48b0-894e-4587dd980f67
경북,포항시 북구,히루노츠키,경북 포항시 북구 흥해읍 초곡지구로52번길 10-5 1층 102호,@hiruno.tsuki,https://www.instagram.com/hiruno.tsuki/,프로필,1,,,미발송,bdf20275-ff16-44e4-ab83-ef14083adaf2
경남,거제시 거제중앙로,일민라멘,경남 거제시 거제중앙로 1911-1,@1min_ramen,https://www.instagram.com/1min_ramen/,프로필,1,,,미발송,a7d130ba-5594-458c-9b55-260b58a57472
경남,김해시 내외중앙로,멘사무소 김해내외점,경남 김해시 내외중앙로 27,@mensamuso_naeoe,https://www.instagram.com/mensamuso_naeoe/,프로필,1,,,미발송,16042cdf-e01d-4cc5-8b8f-189743f95979
경남,김해시 인제로200번길,잇코우라멘,경남 김해시 인제로200번길 3-22 1층,@ikkou_ramen,https://www.instagram.com/ikkou_ramen/,프로필,1,,,미발송,8769c8f9-148c-44cb-8335-e83b0a269802
경남,김해시 해반천로130번길,우마이365라멘,경남 김해시 해반천로130번길 11 1층 102호,@umai365_gimhae,https://www.instagram.com/umai365_gimhae/,프로필,1,,,미발송,42647d92-5d06-4996-a7f9-8caf7bc355fc
경남,양산시 양산역9길,무라,경남 양산시 양산역9길 5,@mura_yangsan,https://www.instagram.com/mura_yangsan/,프로필,1,,,미발송,5e6ee683-031b-4497-8a46-4be119e47f52
경남,진주시 가좌길,류헤이,경남 진주시 가좌길 28 1층,@jinju_ryuhey,https://www.instagram.com/jinju_ryuhey/,프로필,1,,,미발송,9e49cda5-ab97-4fe4-8eb4-6a24d913f2f0
경남,진주시 에나로128번길,타카이 진주혁신도시점,경남 진주시 에나로128번길 7 1층,@takai_tm,https://www.instagram.com/takai_tm/,프로필,1,,,미발송,1d215da7-5934-47fc-b7fb-4521d5c789e1
경남,창원시 마산합포구,류센소 경남대점,경남 창원시 마산합포구 해안대로 10 1층 101호,@ryusenso_masan,https://www.instagram.com/ryusenso_masan/,프로필,1,,,미발송,24315035-f4db-4482-b883-55ade98f1b06
경남,창원시 성산구,라멘센타,경남 창원시 성산구 용지로 96 하이페르 1동 1층 113호,@ramen_center,https://www.instagram.com/ramen_center/,프로필,1,,,미발송,457af3fb-7855-4c60-8eee-0caeb7119b2f
경남,창원시 성산구,멘야사쿠라,경남 창원시 성산구 마디미로 28 상남시장 1층 E-103호,@menyasakura_gsl,https://www.instagram.com/menyasakura_gsl/,프로필,1,,,미발송,08d64acc-7d22-4e7c-b716-d42c0b3fd1ad
경남,창원시 성산구,오빠라멘,경남 창원시 성산구 창이대로464번길 12 1층,@5_pparamen,https://www.instagram.com/5_pparamen/,프로필,1,,,미발송,d1c358bd-37b1-468a-81d1-d47543f5776b
경남,창원시 성산구,찬찬라멘,경남 창원시 성산구 중앙대로100번길 14 스타타워즈오피스텔 1층 118호,@chanchan_changwon,https://www.instagram.com/chanchan_changwon/,프로필,1,,,미발송,d79943bf-94c7-4a2f-a62e-5fec97791bee
경남,창원시 성산구,카이조쿠라멘 용호점,경남 창원시 성산구 용지로153번길 6 동양빌딩 1층,@kaizoku.ramen,https://www.instagram.com/kaizoku.ramen/,프로필,1,,,미발송,121a4696-17c5-491b-b6dc-7b571cfbfc22
경남,창원시 의창구,류헤이,경남 창원시 의창구 퇴촌로25번길 6-25 지하1층,@hard__jorker,https://www.instagram.com/hard__jorker/,프로필,1,,,미발송,9fb0910a-216d-48d2-87fd-51f87404db18
경남,창원시 진해구,겐쇼심야라멘 진해,경남 창원시 진해구 진해대로 648,@simyaramen,https://www.instagram.com/simyaramen/,프로필,1,,,미발송,109b4daf-2584-49b4-9286-f6f27de5cc29
경남,창원시 진해구,다이노츠키,경남 창원시 진해구 진해대로694번길 4,@dinotuki.22,https://www.instagram.com/dinotuki.22/,프로필,1,,,미발송,c1ebe133-46a4-42c6-b5b1-d4d119bca74c
경남,창원시 진해구,류센소 진해점,경남 창원시 진해구 병암북로4번길 11 성산빌라 1층 101호,@ryusenso.jinhae,https://www.instagram.com/ryusenso.jinhae/,프로필,1,,,미발송,f7f82ec6-dc45-47f1-9a46-e8a2cb63d91c
경남,창원시 진해구,멘야사쿠라 진해본점,경남 창원시 진해구 진해대로 628 1층 101호,@menya.sakura,https://www.instagram.com/menya.sakura/,프로필,1,,,미발송,c2327635-3b76-4133-9102-54e45a7bf94c
제주,서귀포시,히나타,제주특별자치도 서귀포시 장수로 87 1층,@hinata_jeju,https://www.instagram.com/hinata_jeju/,프로필,1,,,미발송,1c2dcbb3-d5e1-461b-84ee-ea5f6c533838
제주,제주시,마초면탁,제주특별자치도 제주시 노형로 89,@machomentak2025,https://www.instagram.com/machomentak2025/,프로필,1,,,미발송,a3ae75d9-bdad-4812-8706-3e364e8254b8
제주,제주시,마츠노멘,제주특별자치도 제주시 구남동4길 45 1층,@matsunomen,https://www.instagram.com/matsunomen/,프로필,1,,,미발송,191efd68-6400-4329-95f8-2aba48197a71
제주,제주시,시아와세멘칸,제주특별자치도 제주시 도남로16길 15 1층 102호,@siawasemenkan,https://www.instagram.com/siawasemenkan/,프로필,1,,,미발송,be2d4fad-b9af-4586-a239-e6d4f807d6dc
제주,제주시,큐도,제주특별자치도 제주시 구남동1길 46 1층,@qdoramen,https://www.instagram.com/qdoramen/,프로필,1,,,미발송,43a16ba7-d03a-4d6e-9573-30ea33b12e29
제주,제주시,함돌,제주특별자치도 제주시 조천읍 함덕10길 6 1층,@ham_dol_jeju,https://www.instagram.com/ham_dol_jeju/,프로필,1,,,미발송,904d9099-7db1-4a64-80dd-4d8ffada7065
주소 확인 필요,팔달구,멘야고코로,팔달구 우만동 63-4,@menyagokoro_official,https://www.instagram.com/menyagokoro_official/,프로필,1,,,미발송,2a54256e-8c4c-46f7-a8e2-92839e38b714
